# ************************************************************
# Sequel Pro SQL dump
# Version 4096
#
# http://www.sequelpro.com/
# http://code.google.com/p/sequel-pro/
#
# Host: 127.0.0.1 (MySQL 5.6.14)
# Database: raptor
# Generation Time: 2014-03-14 01:38:26 +0000
# ************************************************************


/*!40101 SET @OLD_CHARACTER_SET_CLIENT=@@CHARACTER_SET_CLIENT */;
/*!40101 SET @OLD_CHARACTER_SET_RESULTS=@@CHARACTER_SET_RESULTS */;
/*!40101 SET @OLD_COLLATION_CONNECTION=@@COLLATION_CONNECTION */;
/*!40101 SET NAMES utf8 */;
/*!40014 SET @OLD_FOREIGN_KEY_CHECKS=@@FOREIGN_KEY_CHECKS, FOREIGN_KEY_CHECKS=0 */;
/*!40101 SET @OLD_SQL_MODE=@@SQL_MODE, SQL_MODE='NO_AUTO_VALUE_ON_ZERO' */;
/*!40111 SET @OLD_SQL_NOTES=@@SQL_NOTES, SQL_NOTES=0 */;


# Dump of table agent
# ------------------------------------------------------------

DROP TABLE IF EXISTS `agent`;

CREATE TABLE `agent` (
  `id` int(11) unsigned NOT NULL AUTO_INCREMENT,
  `code` varchar(16) NOT NULL DEFAULT '',
  `name` varchar(64) NOT NULL DEFAULT '',
  `passhash` varchar(32) NOT NULL DEFAULT '',
  `last_login_time` bigint(20) DEFAULT NULL,
  `last_login_ip` varchar(44) DEFAULT NULL,
  `level` int(11) DEFAULT NULL,
  `state` int(11) DEFAULT NULL,
  `credit_balance` double DEFAULT NULL,
  `parent` int(11) NOT NULL,
  PRIMARY KEY (`id`),
  UNIQUE KEY `code` (`code`)
) ENGINE=InnoDB DEFAULT CHARSET=utf8;

LOCK TABLES `agent` WRITE;
/*!40000 ALTER TABLE `agent` DISABLE KEYS */;

INSERT INTO `agent` (`id`, `code`, `name`, `passhash`, `last_login_time`, `last_login_ip`, `level`, `state`, `credit_balance`, `parent`)
VALUES
	(0,'A00','MASTER','e10adc3949ba59abbe56e057f20f883e',1394182313,'127.0.0.1',9,0,424967296,0);

/*!40000 ALTER TABLE `agent` ENABLE KEYS */;
UNLOCK TABLES;


# Dump of table area
# ------------------------------------------------------------

DROP TABLE IF EXISTS `area`;

CREATE TABLE `area` (
  `id` int(11) unsigned NOT NULL AUTO_INCREMENT,
  `name` varchar(32) NOT NULL DEFAULT '',
  `product_id` int(11) NOT NULL,
  `state` int(11) NOT NULL DEFAULT '0',
  PRIMARY KEY (`id`),
  KEY `product_id` (`product_id`)
) ENGINE=InnoDB DEFAULT CHARSET=utf8;

LOCK TABLES `area` WRITE;
/*!40000 ALTER TABLE `area` DISABLE KEYS */;

INSERT INTO `area` (`id`, `name`, `product_id`, `state`)
VALUES
	(1,'福建二十二区',2004,0),
	(2,'山东二十七区',2004,0),
	(3,'吉林十一区',2004,0),
	(4,'广东二十区',2004,0),
	(5,'上海二十七区',2004,0),
	(6,'四川二十三区',2004,0),
	(7,'浙江二十九区',2004,0),
	(8,'江苏二十八区',2004,0),
	(9,'湖南二区',2004,0),
	(10,'湖北二十二区',2004,0),
	(11,'江西一区',2004,0),
	(12,'广西三区',2004,0),
	(13,'安徽二十七区',2004,0),
	(14,'14w电信一区',956,0),
	(15,'15w电信二区(三/广重区',956,0),
	(16,'16w网通一区/网通二区',956,0),
	(17,'福建新二区',2004,0),
	(18,'长沙１区',1209,0),
	(19,'黑龙江一区',2004,0),
	(20,'广东新二区',2004,0),
	(21,'21w电信四区/五区/六区/七区',956,0),
	(22,'四川新二十二区',2004,0),
	(23,'23w网通三区/网通四区',956,0),
	(24,'金陵无双一区',2004,0),
	(25,'中山1区',1209,0),
	(26,'26w电信八区/九区/十区',956,0),
	(27,'贵州二十五区',2004,0),
	(28,'陕西二区',2004,0),
	(29,'西北二十六区',2004,0),
	(30,'新疆十区',2004,0),
	(31,'海南三十八区',2004,0),
	(32,'32w网通五区/六区/七区',956,0),
	(33,'山西一区',2004,0),
	(34,'天津六区',2004,0),
	(35,'重庆十区',2004,0),
	(36,'香港十八区',2004,0),
	(37,'福建5区',1209,0),
	(38,'王者盖世',2108,0),
	(39,'深圳2区',1209,0),
	(40,'东莞2区',1209,0),
	(41,'叱咤天下',2108,0),
	(42,'神州英雄',2108,0),
	(43,'中山2区',1209,0),
	(44,'辉煌电信-九仙',1524,0),
	(45,'乱世春秋',2108,0),
	(46,'佛山2区',1209,0),
	(47,'传承双线-征途',1524,0),
	(48,'辉煌双线-凌天',1524,0),
	(49,'广西3区',1209,0),
	(50,'新长白山（双线）',1212,0),
	(51,'51w电信十一区/十二区/十三区',956,0),
	(52,'江山四海',2108,0),
	(53,'传承双线-起源',1524,0),
	(54,'烽火狂舞',2108,0),
	(55,'新秦淮河（双线）',1212,0),
	(56,'龙临城下',2108,0),
	(57,'57w电信十四区/电信十五区',956,0),
	(58,'高校一区网通',2004,0),
	(59,'风云征战',2108,0),
	(60,'新上海滩（双线）',1212,0),
	(61,'61w网通八区',956,0),
	(62,'辉煌双线-裂天',1524,0),
	(63,'63w电信十六区',956,0),
	(64,'众神一区网通',2004,0),
	(65,'金榜题名',2108,0),
	(66,'金榜题名(已合入金榜成名)',2108,0),
	(67,'67w网通九区/铁血争霸公测(网通)',956,0),
	(68,'雷鸣隐雾电信',2004,0),
	(69,'69w电信十七区(新)',956,0),
	(70,'应劫重生',2004,0),
	(71,'71w铁血争霸区',956,0),
	(72,'怀旧三十二网通',2004,0),
	(73,'涅槃九区',2004,0),
	(74,'74w铁血争霸公测区(电信)',956,0),
	(75,'华东二区',2004,0),
	(76,'76w电信十九区(新)',956,0),
	(77,'77w网通十区(新)',956,0),
	(78,'华中一区',2004,0),
	(79,'QQ香港一区',2004,0),
	(80,'东北一区',2004,0),
	(81,'QQ西北一区',2004,0),
	(82,'大中华一区',2004,0),
	(83,'九域神坛',2004,0),
	(84,'怀旧七区',2004,0),
	(85,'战神三十五电信',2004,0),
	(86,'战神十六区网通',2004,0),
	(87,'卧虎藏龙（双线）',1212,0),
	(88,'圣战二十五电信',2004,0),
	(89,'血月六区网通',2004,0),
	(90,'血月二十七电信',2004,0),
	(92,'百战二十五电信',2004,0),
	(93,'百战一区网通',2004,0),
	(94,'神域二十五电信',2004,0),
	(95,'神域三区网通',2004,0),
	(96,'末日二十二电信',2004,0),
	(97,'末日八区网通',2004,0),
	(98,'百战雄狮',2004,0),
	(99,'倾城十二区电信',2004,0),
	(100,'倾城六区网通',2004,0),
	(101,'诸神十三区电信',2004,0),
	(102,'诸神三区网通',2004,0),
	(103,'电信三区-千叶林',1523,0),
	(104,'电信三区-冷帝',1524,0),
	(108,'王者电信-神歌',1524,0),
	(109,'王者网通-天耀',1524,0),
	(110,'华南一区(电信)',1211,0),
	(111,'华南二区(电信)',1211,0),
	(112,'华南之约(电信)',1211,0),
	(113,'广东专区(电信)',1211,0),
	(114,'邂逅南国(电信)',1211,0),
	(115,'烟雨江南(电信)',1211,0),
	(116,'浪漫惊喜',1211,0),
	(117,'浪漫之约',1211,0),
	(118,'红豆南国',1211,0),
	(119,'一米阳光',1211,0),
	(120,'华北一区(网通)',1211,0),
	(121,'华北二区(网通)',1211,0),
	(122,'华北三区(网通)',1211,0),
	(123,'火云洞',2105,0),
	(124,'北城之恋(网通)',1211,0),
	(125,'蝶恋北风(网通)',1211,0),
	(126,'雪瑞北国(网通)',1211,0),
	(127,'甜蜜派对',1211,0),
	(128,'七夕之恋',1211,0),
	(129,'北国恋歌',1211,0),
	(130,'秋华谷',2105,0),
	(131,'辉煌双线-斗圣',1524,0),
	(132,'辉煌双线-南屏',1524,0),
	(133,'华中二区(电信)',1211,0),
	(134,'辉煌网通-开天',1524,0),
	(135,'华东之恋(电信)',1211,0),
	(136,'网通一区-浩神',1524,0),
	(137,'鹊舞江南(电信)',1211,0),
	(138,'浮生未歇',1211,0),
	(139,'网通二区-云中月',1523,0),
	(140,'先遣体验服-天择',1524,0),
	(141,'西北一区(电信)',1211,0),
	(142,'西南二区(电信)',1211,0),
	(144,'电信二区-出云',1524,0),
	(146,'传承双线-传承',1524,0),
	(147,'新网通-天剑',1524,0),
	(148,'传承双线-凯旋',1524,0),
	(149,'新电信-独尊',1524,0),
	(150,'东北一区(网通)',1211,0),
	(151,'东北二区(网通)',1211,0),
	(152,'光年以北',1211,0),
	(153,'彼岸流年',1211,0),
	(154,'新电信-天魂',1524,0),
	(160,'华中一区(电信)',1211,0),
	(164,'辉煌电信-封魔',1524,0),
	(168,'网通二区-云扬',1524,0),
	(170,'陌上花开',1211,0),
	(171,'与子偕老',1211,0),
	(174,'电信四区-浩然',1524,0),
	(177,'辉煌双线-盘龙',1524,0),
	(180,'执子之手',1211,0),
	(182,'须臾以南',1211,0),
	(198,'辉煌双线-烽火',1524,0),
	(201,'紫竹林',2105,0),
	(203,'水晶宫',2105,0),
	(233,'桃花源',2105,0),
	(237,'消暑阁',2105,0),
	(238,'丹桂阁',2105,0),
	(239,'知秋亭',2105,0),
	(250,'白马涧',2105,0),
	(301,'上海１区',1209,0),
	(302,'电信08区',2104,0),
	(303,'上海３区',1209,0),
	(304,'上海４区',1209,0),
	(305,'电信11区',2104,0),
	(306,'浙江１区',1209,0),
	(307,'电信13区',2104,0),
	(308,'江苏１区',1209,0),
	(309,'双线02区',2104,0),
	(310,'四川２区',1209,0),
	(311,'双线04区',2104,0),
	(312,'双线05区',2104,0),
	(313,'江苏２区',1209,0),
	(314,'双线07区',2104,0),
	(315,'安徽２区',1209,0),
	(316,'双线09区',2104,0),
	(317,'湖北2+浙江3区',1209,0),
	(318,'广东电信一区',1202,0),
	(319,'双线12区',2104,0),
	(320,'双线13区',2104,0),
	(321,'双线14区',2104,0),
	(322,'辽宁网通一区',1202,0),
	(323,'菩提删档测试区',2105,0),
	(324,'通天河',2105,0),
	(325,'湖南２区',1209,0),
	(326,'双线19区',2104,0),
	(327,'华东电信一区',1210,0),
	(328,'杭州１区',1209,0),
	(329,'成都１区',1209,0),
	(330,'武汉１区',1209,0),
	(331,'合肥１区',1209,0),
	(332,'宁波１区',1209,0),
	(333,'双线26区',2104,0),
	(334,'北京网通三区',1202,0),
	(335,'北京网通四区',1202,0),
	(336,'辽宁网通三区',1202,0),
	(337,'重庆２区',1209,0),
	(338,'双线31区',2104,0),
	(339,'浙江５区',1209,0),
	(340,'四川４区',1209,0),
	(341,'江苏４区',1209,0),
	(342,'南方电信大区',1202,0),
	(343,'双线36区',2104,0),
	(344,'江苏电信一区',1202,0),
	(345,'河南一区',1202,0),
	(346,'双线39区',2104,0),
	(347,'四川５区',1209,0),
	(348,'双线41区',2104,0),
	(349,'浙江电信二区',1202,0),
	(350,'黑龙江网通区',1202,0),
	(351,'吉林网通一区',1202,0),
	(352,'双线45区',2104,0),
	(353,'江苏６区',1209,0),
	(354,'山西网通一区',1202,0),
	(355,'宁夏１区',1209,0),
	(356,'双线49区',2104,0),
	(357,'双线50区',2104,0),
	(358,'山东网通二区',1202,0),
	(359,'双线52区',2104,0),
	(360,'移动专区',1202,0),
	(361,'温州２区',1209,0),
	(362,'苏州２区',1209,0),
	(363,'浙江７区',1209,0),
	(364,'双线57区',2104,0),
	(365,'双线58区',2104,0),
	(366,'江苏７区',1209,0),
	(367,'湖北６区',1209,0),
	(368,'兰州１区',1209,0),
	(369,'重庆４区',1209,0),
	(370,'神州双线7区',1209,0),
	(371,'神州双线8区',1209,0),
	(372,'神州双线9区',1209,0),
	(373,'神州双线10区',1209,0),
	(374,'神州双线11区',1209,0),
	(375,'神州双线12区',1209,0),
	(376,'神州双线13区',1209,0),
	(377,'神州双线14区',1209,0),
	(378,'神州双线15区',1209,0),
	(379,'神州双线16区',1209,0),
	(400,'华夏双线51区',1209,0),
	(401,'华夏双线52区',1209,0),
	(402,'华夏双线53区',1209,0),
	(403,'华夏双线54区',1209,0),
	(404,'华夏双线55区',1209,0),
	(405,'华夏双线56区',1209,0),
	(406,'华夏双线57区',1209,0),
	(407,'华夏双线58区',1209,0),
	(408,'华夏双线59区',1209,0),
	(409,'华夏双线60区',1209,0),
	(410,'华夏双线61区',1209,0),
	(411,'华夏双线62区',1209,0),
	(412,'华夏双线63区',1209,0),
	(413,'华夏双线64区',1209,0),
	(414,'华夏双线65区',1209,0),
	(415,'华夏双线66区',1209,0),
	(416,'华夏双线67区',1209,0),
	(417,'华夏双线68区',1209,0),
	(418,'华夏双线69区',1209,0),
	(419,'华夏双线70区',1209,0),
	(420,'华夏双线71区',1209,0),
	(421,'华夏双线72区',1209,0),
	(422,'华夏双线73区',1209,0),
	(423,'华夏双线74区',1209,0),
	(424,'华夏双线75区',1209,0),
	(425,'华夏双线76区',1209,0),
	(426,'华夏双线77区',1209,0),
	(427,'华夏双线78区',1209,0),
	(428,'华夏双线79区',1209,0),
	(429,'华夏双线80区',1209,0),
	(430,'华夏双线81区',1209,0),
	(431,'华夏双线82区',1209,0),
	(432,'华夏双线83区',1209,0),
	(433,'华夏双线84区',1209,0),
	(434,'华夏双线85区',1209,0),
	(435,'华夏双线86区',1209,0),
	(436,'华夏双线87区',1209,0),
	(437,'华夏双线88区',1209,0),
	(438,'华夏双线89区',1209,0),
	(439,'华夏双线90区',1209,0),
	(440,'华夏双线91区',1209,0),
	(441,'华夏92凤求凰区',1209,0),
	(442,'华夏93风无影区',1209,0),
	(443,'华夏94花儿锦区',1209,0),
	(444,'华夏95幻想区',1209,0),
	(445,'华夏96肤润珂区',1209,0),
	(446,'华夏97天魔宫区',1209,0),
	(447,'华夏双线98区',1209,0),
	(448,'华夏双线99区',1209,0),
	(449,'华夏双线100区',1209,0),
	(450,'体验专区1',1202,0),
	(451,'神州双线2区',1209,0),
	(452,'神州双线3区',1209,0),
	(453,'神州双线4区',1209,0),
	(454,'神州双线5区',1209,0),
	(455,'神州双线6区',1209,0),
	(501,'电信一区-荣光',1525,0),
	(502,'广东12+广西5区',1209,0),
	(503,'电信一区-幻月',1525,0),
	(504,'上海８区',1209,0),
	(505,'西安１区',1209,0),
	(506,'双线二区-乾坤逆转',1525,0),
	(507,'江苏８区',1209,0),
	(508,'电信一区-紫电',1525,0),
	(509,'电信一区-墨雪',1525,0),
	(510,'深圳３区',1209,0),
	(511,'电信二区-似水流年',1525,0),
	(512,'双线二区-龙战于野',1525,0),
	(513,'电信二区-魔龙',1525,0),
	(515,'福建8湖北7区',1209,0),
	(517,'广东14区',1209,0),
	(518,'广东15区',1209,0),
	(519,'网通一区-碧霄',1525,0),
	(520,'四川９区',1209,0),
	(521,'江苏10广东16区',1209,0),
	(523,'湖北8广东17区',1209,0),
	(525,'浙江１１区',1209,0),
	(526,'四川１０区',1209,0),
	(527,'电信一区-天龙',1525,0),
	(528,'电信一区-伏虎',1525,0),
	(529,'湖南7福建9区',1209,0),
	(531,'浙江12广东18区',1209,0),
	(533,'四川11区',1209,0),
	(534,'湖北9+福建10区',1209,0),
	(535,'网通一区-绮梦',1525,0),
	(536,'江苏12区',1209,0),
	(537,'上海10区',1209,0),
	(538,'广东19区',1209,0),
	(539,'浙江13区',1209,0),
	(540,'湖南8区',1209,0),
	(541,'四川12区',1209,0),
	(542,'江苏13福建11区',1209,0),
	(544,'上海11广东20区',1209,0),
	(547,'浙江14区',1209,0),
	(548,'电信二区-恒星',1525,0),
	(549,'四川13区',1209,0),
	(550,'华夏电信1区',1209,0),
	(551,'华夏电信2区',1209,0),
	(552,'华夏电信3区',1209,0),
	(553,'华夏电信4区',1209,0),
	(554,'华夏电信5-6区',1209,0),
	(556,'华夏电信7-8区',1209,0),
	(558,'双线二区-所向披靡',1525,0),
	(560,'华夏电信11-12区',1209,0),
	(562,'网通二区-逐风狂剑',1525,0),
	(564,'华夏电信15-16区',1209,0),
	(566,'华夏电信17-18区',1209,0),
	(568,'华夏电信19区',1209,0),
	(569,'华夏电信20区',1209,0),
	(570,'华夏电信21-22区',1209,0),
	(571,'电信四区-九龙',1525,0),
	(572,'双线一区-寒霜剑气',1525,0),
	(573,'华夏电信24区',1209,0),
	(574,'华夏电信25区',1209,0),
	(575,'华夏电信26区',1209,0),
	(576,'华夏电信27区',1209,0),
	(577,'电信四区-锋芒',1525,0),
	(578,'华夏电信29区',1209,0),
	(579,'华夏电信30区',1209,0),
	(580,'华夏双线31区',1209,0),
	(581,'华夏双线32区',1209,0),
	(582,'华夏双线33区',1209,0),
	(583,'华夏双线34区',1209,0),
	(584,'华夏双线35区',1209,0),
	(585,'华夏双线36区',1209,0),
	(586,'华夏双线37区',1209,0),
	(587,'华夏双线38区',1209,0),
	(588,'华夏双线39区',1209,0),
	(589,'华夏双线40区',1209,0),
	(590,'华夏双线41区',1209,0),
	(591,'华夏双线42区',1209,0),
	(592,'华夏双线43区',1209,0),
	(593,'华夏双线44区',1209,0),
	(594,'华夏双线45区',1209,0),
	(595,'华夏双线46区',1209,0),
	(596,'华夏双线47区',1209,0),
	(597,'华夏双线48区',1209,0),
	(598,'华夏双线49区',1209,0),
	(599,'华夏双线50区',1209,0),
	(601,'电信四区-聚八仙',1523,0),
	(602,'体验２区',1209,0),
	(603,'电信一区-侠客行',1523,0),
	(604,'网通02区',2104,0),
	(605,'电信四区-胭脂雪',1523,0),
	(606,'山东１区',1209,0),
	(607,'电信四区-菩提心',1523,0),
	(608,'河北１区',1209,0),
	(609,'辽宁１区',1209,0),
	(610,'电信四区-龙腾跃',1523,0),
	(611,'吉林１区',1209,0),
	(612,'山东２区',1209,0),
	(613,'黑龙江１区',1209,0),
	(614,'山西１区',1209,0),
	(615,'陕西１区',1209,0),
	(616,'辽宁２区',1209,0),
	(617,'天津１区',1209,0),
	(618,'哈尔滨１区',1209,0),
	(619,'郑州１区',1209,0),
	(620,'济南１区',1209,0),
	(621,'沈阳１区',1209,0),
	(622,'内蒙古１区',1209,0),
	(623,'河南2+河北2区',1209,0),
	(625,'山东３区',1209,0),
	(626,'吉林２区',1209,0),
	(627,'辽宁３区',1209,0),
	(628,'山西２区',1209,0),
	(629,'河南３区',1209,0),
	(630,'青岛１区',1209,0),
	(631,'大连1+黑龙江2区',1209,0),
	(633,'北京6唐山1区',1209,0),
	(635,'长春１区',1209,0),
	(636,'天津２区',1209,0),
	(637,'黑龙江３区',1209,0),
	(638,'烟台１区',1209,0),
	(639,'辽宁４区',1209,0),
	(640,'河北３区',1209,0),
	(641,'山东４区',1209,0),
	(642,'黑龙江４区',1209,0),
	(643,'山东5太原1区',1209,0),
	(645,'先遣体验服-体验电信',1523,0),
	(646,'石家庄１区',1209,0),
	(647,'吉林３区',1209,0),
	(648,'山东６区',1209,0),
	(649,'潍坊１区',1209,0),
	(650,'山西３区',1209,0),
	(651,'黑龙江５区',1209,0),
	(652,'辽宁６区',1209,0),
	(653,'内蒙古２区',1209,0),
	(654,'山东７区',1209,0),
	(655,'河北４区',1209,0),
	(656,'北京7吉林4区',1209,0),
	(658,'山东８区',1209,0),
	(659,'河南４区',1209,0),
	(660,'辽宁７区',1209,0),
	(661,'山东９区',1209,0),
	(662,'黑龙江6+辽宁8区',1209,0),
	(663,'河北５区',1209,0),
	(665,'山东10辽宁9区',1209,0),
	(667,'北京８区',1209,0),
	(668,'河南5区',1209,0),
	(669,'黑龙江7北京9区',1209,0),
	(671,'辽宁10山东11',1209,0),
	(673,'北京10河北6区',1209,0),
	(675,'山东12区',1209,0),
	(676,'北京11区',1209,0),
	(677,'神州网通1区',1209,0),
	(678,'神州网通2区',1209,0),
	(679,'神州网通3-4区',1209,0),
	(681,'神州网通5-6区',1209,0),
	(683,'神州网通7区',1209,0),
	(684,'神州网通8区',1209,0),
	(685,'神州网通9区',1209,0),
	(686,'合服测试区',1209,0),
	(698,'网通三区-浪淘沙',1523,0),
	(701,'网通三区-万重天',1523,0),
	(711,'电信四区-囚龙谷',1523,0),
	(725,'网通三区-狂龙跃',1523,0),
	(737,'网通三区-祝融谷',1523,0),
	(740,'电信四区-月牙泉',1523,0),
	(743,'电信四区-笑苍穹',1523,0),
	(744,'网通三区-威震天',1523,0),
	(747,'电信四区-云海仙境',1523,0),
	(748,'网通三区-碧海滔天',1523,0),
	(749,'电信四区-群雄逐鹿',1523,0),
	(750,'问鼎中原1区',1209,0),
	(751,'双线一区-佟湘玉',1523,0),
	(752,'电信四区-权倾天下',1523,0),
	(768,'双线一区-燕小六',1523,0),
	(769,'双线一区-祝无双',1523,0),
	(770,'双线一区-李大嘴',1523,0),
	(772,'双线一区-邢捕头',1523,0),
	(773,'双线一区-展红绫',1523,0),
	(774,'双线一区-杨慧兰',1523,0),
	(775,'双线一区-莫小贝',1523,0),
	(779,'双线一区-姬无命',1523,0),
	(785,'群战诸侯1区',1209,0),
	(800,'双线一区-星耀天尊',1525,0),
	(801,'新电信五区-霸海屠龙',1525,0),
	(804,'电信二区-天尊天烽',1525,0),
	(805,'双线三区-至尊灭世',1525,0),
	(806,'双线二区-战鼓雷鸣',1525,0),
	(812,'双线一区-蝶影至尊',1525,0),
	(818,'双线二区-碎魂天袭',1525,0),
	(821,'网通二区-碧瑶',1525,0),
	(824,'双线三区-群雄出征',1525,0),
	(825,'双线一区-龙城飞霜',1525,0),
	(826,'双线一区-百战金蛇',1525,0),
	(829,'双线二区-龙战紫禁',1525,0),
	(830,'电信三区-碧海',1525,0),
	(831,'双线二区-战神崛起',1525,0),
	(833,'双线一区-戮战九州',1525,0),
	(835,'双线二区-乱世佳人',1525,0),
	(838,'电信四区-碧瑶',1525,0),
	(845,'双线三区-仙路凡尘',1525,0),
	(847,'电信五区-雪琪',1525,0),
	(848,'网通二区-雪琪(网通)',1525,0),
	(852,'双线二区-群雄并起',1525,0),
	(857,'双线二区-傲剑凌云',1525,0),
	(862,'双线三区-武动乾坤',1525,0),
	(863,'双线三区-神王问鼎',1525,0),
	(864,'双线三区-云川之巅',1525,0),
	(868,'双线三区-碧海苍芦',1525,0),
	(869,'双线三区-勉道韶华',1525,0),
	(870,'电信五区-霸者无双',1525,0),
	(871,'双线三区-刀光剑影',1525,0),
	(874,'双线三区-勇者无敌',1525,0),
	(885,'双线三区-九鼎玄真',1525,0),
	(886,'双线三区-天地玄黄',1525,0),
	(887,'双线三区-烈马惊鸿',1525,0),
	(888,'先遣体验服-先知',1525,0),
	(889,'双线三区-剑凌云海',1525,0),
	(910,'网通一区-九天烟雨',1525,0),
	(923,'新电信一区-沧海月明',1525,0),
	(924,'新电信一区-神龙殿',1525,0),
	(927,'新电信一区-玲珑江南',1525,0),
	(936,'新网通二区-永生',1525,0),
	(956,'新电信一区-独霸九州',1525,0),
	(993,'新电信三区-龙盘江山',1525,0),
	(995,'新网通二区-豪杰聚义',1525,0),
	(1000,'新网通一区-紫禁之巅',1521,0),
	(1001,'抢先体验服',2106,0),
	(1002,'新电信一区-笑看风云',1521,0),
	(1006,'新电信一区-群英争雄',1521,0),
	(1007,'电信一区-卧虎藏龙',1521,0),
	(1008,'新电信一区-叱咤风云',1521,0),
	(1018,'电信二区-雄霸天下',1521,0),
	(1021,'新电信一区-末日重生',1521,0),
	(1023,'版本测试区',1209,0),
	(1025,'双线一区-战天下',1521,0),
	(1034,'网通一区-凤舞九天',1521,0),
	(1036,'双线一区-卧龙重生',1521,0),
	(1042,'新网通一区-紫禁风云',1521,0),
	(1043,'网通一区-虎啸龙吟',1521,0),
	(1048,'电信一区-万里江山',1521,0),
	(1049,'双线一区-斗群英',1521,0),
	(1058,'电信一区-桃园结义',1521,0),
	(1072,'双线区-天师',1521,0),
	(1097,'新电信二区-王者之师',1521,0),
	(1111,'疾风劲雷',2701,0),
	(1113,'苍穹之顶',2701,0),
	(1115,'落日星辉',2701,0),
	(1117,'北风孤狼',2701,0),
	(1119,'知足常乐',2701,0),
	(1121,'四海逍遥',2701,0),
	(1123,'神来之笔',2701,0),
	(1125,'一叶知秋',2701,0),
	(1127,'拓天霸王',2701,0),
	(1129,'冠绝八荒',2701,0),
	(1131,'势如破竹',2701,0),
	(1133,'狂龙出海',2701,0),
	(1135,'旷古绝今',2701,0),
	(1137,'蔽日扬沙',2701,0),
	(1139,'威震四海',2701,0),
	(1148,'华南电信经典区-诛天神脉',1528,0),
	(1172,'华东电信经典区-火舞飞扬',1528,0),
	(1174,'华北网通经典区-夜之生',1528,0),
	(1200,'电信一区-华东一区',1526,0),
	(1205,'电信一区-西部一｜华南一｜华东二｜华南三区',1526,0),
	(1206,'网通一区-华北一｜东北一｜东北二｜华中二',1526,0),
	(1211,'大鱼坊',2701,0),
	(1213,'国色天香',2701,0),
	(1215,'电信一区-电信新服舞动丽影',1526,0),
	(1217,'电信一区-华东三区',1526,0),
	(1219,'御剑出鞘',2701,0),
	(1221,'独战群雄',2701,0),
	(1223,'一步登天',2701,0),
	(1225,'腊月遗址',2701,0),
	(1227,'铁匠坊',2701,0),
	(1229,'排山倒海',2701,0),
	(1231,'五彩岩岛',2701,0),
	(1233,'九天揽月',2701,0),
	(1235,'洛丽塔',2701,0),
	(1237,'海纳百川',2701,0),
	(1239,'日月生辉',2701,0),
	(1311,'红叶山庄',2701,0),
	(1313,'风花雪月',2701,0),
	(1314,'华东电信经典区-紫玉星光',1528,0),
	(1315,'古都灵兽',2701,0),
	(1317,'卧虎藏龙',2701,0),
	(1319,'烈火焚阳',2701,0),
	(1321,'傲气冲天',2701,0),
	(1323,'新电信一区-名动九霄',1528,0),
	(1324,'新电信一区-剑胆琴心',1528,0),
	(1325,'武神塔',2701,0),
	(1327,'陶瓷坊',2701,0),
	(1329,'云游四海',2701,0),
	(1331,'春意盎然',2701,0),
	(1333,'铁血丹心',2701,0),
	(1334,'新网通一区-明月宫',1528,0),
	(1335,'黑天照',2701,0),
	(1337,'逐风踏浪',2701,0),
	(1339,'明镜止水',2701,0),
	(1360,'双线一区-紫月苍穹',1528,0),
	(1361,'双线一区-花夕朝露',1528,0),
	(1362,'双线一区-黑暗之翼',1528,0),
	(1363,'双线一区-风海雪原',1528,0),
	(1364,'双线一区-无尽虚空',1528,0),
	(1365,'双线一区-灵魂圣域',1528,0),
	(1366,'华北网通经典区-清风堂',1528,0),
	(1367,'双线一区-旭日流波',1528,0),
	(1368,'双线一区-紫霄天阙',1528,0),
	(1369,'双线一区-命运征途',1528,0),
	(1370,'双线一区-寒谷回春',1528,0),
	(1371,'双线一区-风雨逍遥',1528,0),
	(1375,'双线一区-冰封万里',1528,0),
	(1376,'双线一区-王者之心',1528,0),
	(1377,'传承经典-紫月星辰',1528,0),
	(1378,'双线一区-秋水伊人',1528,0),
	(1379,'双线一区-凤舞龙翔',1528,0),
	(1380,'双线一区-仙界纵横',1528,0),
	(1381,'双线一区-逍遥神话',1528,0),
	(1382,'双线一区-浩气雄风',1528,0),
	(1383,'双线一区-为爱启程',1528,0),
	(1384,'双线一区-肆水流年',1528,0),
	(1385,'双线一区-龙眠之地',1528,0),
	(1386,'双线一区-日月光辉',1528,0),
	(1387,'双线一区-无极星宫',1528,0),
	(1388,'双线一区-天宫之城',1528,0),
	(1389,'双线一区-冰魂雪魄',1528,0),
	(1390,'双线一区-瑞雪丰年',1528,0),
	(1411,'半月湖',2701,0),
	(1413,'一代宗师',2701,0),
	(1415,'丰登谷',2701,0),
	(1417,'登峰造极',2701,0),
	(1419,'冷月寒霜',2701,0),
	(1421,'八面玲珑',2701,0),
	(1423,'天下无双',2701,0),
	(1425,'风车磨坊',2701,0),
	(1427,'木作坊',2701,0),
	(1429,'火力全开',2701,0),
	(1431,'冬幕游侠',2701,0),
	(1433,'唐门世家',2701,0),
	(1435,'东天霸',2701,0),
	(1437,'流星赶月',2701,0),
	(1439,'一骑当千',2701,0),
	(1447,'网通区-天尊',1527,0),
	(1450,'电信区-贯日',1527,0),
	(1477,'电信区-凌风',1527,0),
	(1478,'电信区-降魔',1527,0),
	(1502,'双线互通-体验服',1528,0),
	(1507,'华东电信经典区-蓬莱若梦',1528,0),
	(1511,'豆蔻年华',2701,0),
	(1513,'风云再起',2701,0),
	(1515,'海誓山盟',2701,0),
	(1517,'瀚海星辰',2701,0),
	(1519,'风林火山',2701,0),
	(1520,'华东电信经典区-世外桃源',1528,0),
	(1521,'驰骋九州',2701,0),
	(1522,'华东电信经典区-天地苍茫',1528,0),
	(1523,'斗转星移',2701,0),
	(1525,'侠客行',2701,0),
	(1527,'凯旋将军',2701,0),
	(1529,'花容月貌',2701,0),
	(1531,'华山论剑',2701,0),
	(1533,'稀世珍宝',2701,0),
	(1535,'乘风破浪',2701,0),
	(1537,'土门阵',2701,0),
	(1539,'鸟语花香',2701,0),
	(1546,'华南电信经典区-龙飞凤舞',1528,0),
	(1548,'西部电信经典区-重生仙界',1528,0),
	(1560,'华北网通经典区-龙渊阁',1528,0),
	(1594,'华北网通经典区-千风竹',1528,0),
	(1706,'网通专区-屠龙刀',1529,0),
	(1714,'电信专区-倚天剑',1529,0),
	(1807,'电信区-秦皇朝',1530,0),
	(1810,'电信区-骑士团',1530,0),
	(1812,'电信区-水晶谷',1530,0),
	(1814,'网通区-神木林',1530,0),
	(1817,'网通区-华尔兹',1530,0),
	(1823,'电信区-太阳殿',1530,0),
	(1826,'网通区-雷神殿',1530,0),
	(1829,'网通区-海盗王',1530,0),
	(1830,'电信区-暗月城',1530,0),
	(1837,'网通区-神谕者',1530,0),
	(1838,'电信区-龙神殿',1530,0),
	(1852,'电信区-云雀峰',1530,0),
	(1856,'电信区-幻龙星',1530,0),
	(1859,'电信区-白云城',1530,0),
	(1860,'网通区-幻仙境',1530,0),
	(1862,'体验区-火凤凰',1530,0),
	(1872,'网通区-夜岚阁',1530,0),
	(1875,'电信区-苍龙阁',1530,0),
	(1876,'电信区-白银城',1530,0),
	(1893,'网通区-苍穹阁',1530,0),
	(1905,'网通一区-狩魔大厅',1531,0),
	(1907,'网通一区-勇者觉醒',1531,0),
	(1909,'双线服-荣耀之刃',1531,0),
	(1911,'双线服-王者之歌',1531,0),
	(1913,'烈沙地带',2701,0),
	(1915,'绿明村',2701,0),
	(1916,'双线服-地狱战歌',1531,0),
	(1917,'斗神祭坛',2701,0),
	(1918,'双线服-冰火荣耀',1531,0),
	(1919,'铁傀王',2701,0),
	(1920,'电信一区(东部)-诸神梦境',1531,0),
	(1921,'松岩亭',2701,0),
	(1923,'白云禅师',2701,0),
	(1925,'飞扇堂',2701,0),
	(1927,'染血之心',2701,0),
	(1929,'冰龙吟',2701,0),
	(1931,'燎原之火',2701,0),
	(1933,'修罗斩',2701,0),
	(1935,'金刚伏魔',2701,0),
	(1937,'双线服-屠龙要塞',1531,0),
	(1939,'仙履奇缘',2701,0),
	(1940,'双线服-纪元之门',1531,0),
	(1941,'电信二区(西部)-骨矛营地',1531,0),
	(1949,'体验区-神魔体验服',1531,0),
	(1995,'电信一区(东部)-浪漫旋律',1531,0),
	(2001,'新电信四区-决胜成神',1525,0),
	(2005,'静沙海',2106,0),
	(2006,'新电信三区-百胜战歌',1525,0),
	(2007,'仙风林',2106,0),
	(2008,'余晖渡',2106,0),
	(2011,'大漠流沙',2701,0),
	(2013,'情缘崖',2701,0),
	(2015,'竹林海岸',2701,0),
	(2017,'天鸟巢',2701,0),
	(2019,'金刚罗汉',2701,0),
	(2021,'花样年华',2701,0),
	(2023,'八部奇才',2701,0),
	(2025,'斗神血手',2701,0),
	(2027,'飞龙逐日',2701,0),
	(2029,'斩天诀',2701,0),
	(2031,'翔龙探海',2701,0),
	(2033,'开天辟地',2701,0),
	(2035,'土门客栈',2701,0),
	(2037,'先驱者',2701,0),
	(2039,'阴阳道仙',2701,0),
	(2045,'新电信四区-气贯乾坤',1525,0),
	(2057,'新电信四区-天涯古城',1525,0),
	(2071,'新网通二区-雪影迷踪',1525,0),
	(2079,'新网通三区-修罗问鼎',1525,0),
	(2086,'新电信五区-龙腾王城',1525,0),
	(2111,'永灵峰',2701,0),
	(2112,'电信区-炎魔殿',1530,0),
	(2113,'闭月羞花',2701,0),
	(2115,'寻宝人',2701,0),
	(2117,'威风八面',2701,0),
	(2118,'网通区-落英谷',1530,0),
	(2119,'月影凝霜',2701,0),
	(2121,'四海升平',2701,0),
	(2123,'决胜千里',2701,0),
	(2124,'电信区-雪映城',1530,0),
	(2125,'海蛇基地',2701,0),
	(2126,'网通区-霜之国',1530,0),
	(2127,'电信区-水晶界',1530,0),
	(2128,'电信区-圣灵峰',1530,0),
	(2129,'派对之王',2701,0),
	(2130,'电信区-夏焰谷',1530,0),
	(2131,'流光溢彩',2701,0),
	(2132,'网通区-冬夜城',1530,0),
	(2133,'电信区-神秘岛',1530,0),
	(2134,'电信区-幻神殿',1530,0),
	(2135,'火炮兰',2701,0),
	(2137,'电信区-暮色谷',1530,0),
	(2138,'电信区-神之裔',1530,0),
	(2139,'网通区-轮回海',1530,0),
	(2140,'电信区-猎日者',1530,0),
	(2141,'电信区-圣光城',1530,0),
	(2142,'网通区-神领域',1530,0),
	(2144,'双线区-英雄会',1530,0),
	(2145,'双线区-天马星',1530,0),
	(2202,'网通一区-朱雀神君',1532,0),
	(2203,'电信一区-刀光剑影',1532,0),
	(2227,'电信一区-霸者无双',1532,0),
	(2233,'网通一区-凤舞九天',1532,0),
	(2242,'电信一区-龙跃凤鸣',1532,0),
	(2244,'电信一区-血荐轩辕',1532,0),
	(2296,'体验区-百战沙场',1532,0),
	(2501,'湖北10+湖南9区',1209,0),
	(2504,'电信区-天空之神',1533,0),
	(2506,'电信区-太阳神殿',1533,0),
	(2507,'网通区-远古神话',1533,0),
	(2509,'体验区-黄金国度',1533,0),
	(2511,'电信区-星灵王国',1533,0),
	(2514,'电信区-诺亚方舟',1533,0),
	(2517,'网通区-战争神殿',1533,0),
	(2518,'电信区-守护联盟',1533,0),
	(2521,'网通区-莱因哈特',1533,0),
	(2524,'网通区-辉煌圣域',1533,0),
	(2527,'网通区-荣光之门',1533,0),
	(2531,'电信区-极乐篇章',1533,0),
	(2542,'电信区-西尔维娅',1533,0),
	(2543,'网通区-至高皇权',1533,0),
	(2544,'电信区-命运新章',1533,0),
	(2546,'网通区-神之信仰',1533,0),
	(2547,'电信区-阿斯嘉特',1533,0),
	(2548,'网通区-霸绝天下',1533,0),
	(2549,'电信区-至福之境',1533,0),
	(2550,'电信区-圣光礼赞',1533,0),
	(2551,'电信区-潮汐之王',1533,0),
	(2552,'网通区-成王之路',1533,0),
	(2554,'电信区-战神降临',1533,0),
	(2557,'电信区-凛冬时代',1533,0),
	(2559,'网通区-英灵现世',1533,0),
	(2560,'电信区-燃烧帝国',1533,0),
	(2562,'网通区-神谕之战',1533,0),
	(2563,'电信区-寒冰王座',1533,0),
	(2564,'电信区-王者无敌',1533,0),
	(2565,'电信区-通冥之刃',1533,0),
	(2566,'网通区-精灵传说',1533,0),
	(2567,'电信区-不落之都',1533,0),
	(2806,'黄金不删档-黄金',2007,0),
	(2807,'星空一区-孔雀座',2007,0),
	(2808,'星空二区-南极座',2007,0),
	(2811,'星空一区-天箭座',2007,0),
	(2816,'星空一区-武仙座',2007,0),
	(2818,'大地一区-泰坦神殿',2007,0),
	(2819,'星空二区-蛇夫座',2007,0),
	(2820,'星空二区-天鹰座',2007,0),
	(2824,'星空二区-御夫座',2007,0),
	(2825,'星空二区-半人马座',2007,0),
	(2827,'大地一区-圣域火钟',2007,0),
	(2829,'大地一区-冰大陆',2007,0),
	(2831,'大地一区-五老峰',2007,0),
	(2840,'星空一区-变色龙座',2007,0),
	(2841,'星空二区-地狱犬座',2007,0),
	(2844,'黄道一区-金牛座',2007,0),
	(2845,'黄道一区-白羊座',2007,0),
	(2846,'黄道一区-处女座',2007,0),
	(2849,'黄道一区-摩羯座',2007,0),
	(2850,'黄道一区-射手座',2007,0),
	(3001,'悬空岛',2106,0),
	(3011,'修炼谷',2701,0),
	(3013,'御龙林',2701,0),
	(3015,'咆哮寺院',2701,0),
	(3017,'黄沙领主',2701,0),
	(3019,'冰封神殿',2701,0),
	(3021,'擎天盟',2701,0),
	(3023,'月华神',2701,0),
	(3025,'灼热之刃',2701,0),
	(3027,'天隙流光',2701,0),
	(3029,'炎龙啸',2701,0),
	(3031,'莲华乱舞',2701,0),
	(3033,'逆转阴阳',2701,0),
	(3035,'金刚不坏',2701,0),
	(3037,'万气归宗',2701,0),
	(3039,'风帝国',2701,0),
	(3101,'电信一区-飞龙在天',1534,0),
	(3102,'网通一区-绝世无双',1534,0),
	(3108,'双线一区-龙争虎斗',1534,0),
	(3111,'武神之翼',2701,0),
	(3113,'夺魂战神',2701,0),
	(3115,'光复会',2701,0),
	(3117,'风华正茂',2701,0),
	(3119,'神龙摆尾',2701,0),
	(3120,'电信一区-七剑修罗',1534,0),
	(3121,'电信一区-笑傲江湖',1534,0),
	(3122,'电信一区-王者归来',1534,0),
	(3123,'石破天惊',2701,0),
	(3125,'暗影要塞',2701,0),
	(3127,'药王院',2701,0),
	(3129,'热力四射',2701,0),
	(3131,'烽火岁月',2701,0),
	(3133,'叱咤风云',2701,0),
	(3135,'力拔山河',2701,0),
	(3137,'天外飞仙',2701,0),
	(3139,'竹海轻舟',2701,0),
	(3211,'极致时代',2701,0),
	(3213,'我行我素',2701,0),
	(3215,'金戈铁马',2701,0),
	(3217,'南征北战',2701,0),
	(3219,'似水流年',2701,0),
	(3221,'白清剑',2701,0),
	(3223,'青春无悔',2701,0),
	(3225,'龙城飞将',2701,0),
	(3227,'平步青云',2701,0),
	(3229,'群雄逐鹿',2701,0),
	(3231,'竹雅居士',2701,0),
	(3233,'血峰沙漠',2701,0),
	(3235,'兄弟情',2701,0),
	(3237,'锐不可当',2701,0),
	(3239,'天马行空',2701,0),
	(4005,'神界-轮回盘',2006,0),
	(4009,'仙界-玉清洞',2006,0),
	(4011,'海树村',2701,0),
	(4013,'仙风道骨',2701,0),
	(4015,'天下四杰',2701,0),
	(4017,'踏雪无痕',2701,0),
	(4019,'龙叩首',2701,0),
	(4021,'浩气长存',2701,0),
	(4023,'神界-鸿蒙殿',2006,0),
	(4025,'天狼陵',2701,0),
	(4027,'圣君堂',2701,0),
	(4029,'飞龙在天',2701,0),
	(4031,'暴风羽翼',2701,0),
	(4033,'沉鱼落雁',2701,0),
	(4034,'妖界-玄武',2006,0),
	(4035,'血阳神',2701,0),
	(4037,'气贯长虹',2701,0),
	(4039,'热血狂徒',2701,0),
	(4040,'妖界-鲲鹏',2006,0),
	(4046,'仙界-流波山',2006,0),
	(4048,'神界-冰封之谷',2006,0),
	(4053,'佛界-梵王阵',2006,0),
	(4054,'佛界-不动山',2006,0),
	(4055,'佛界-帝释天',2006,0),
	(4056,'佛界-琉璃塔',2006,0),
	(4057,'佛界-八部浮屠',2006,0),
	(4058,'佛界-月光舍利',2006,0),
	(4111,'肝胆相照',2701,0),
	(4113,'通天晓地',2701,0),
	(4115,'南道拳豪',2701,0),
	(4117,'雷厉风行',2701,0),
	(4119,'天崩地裂',2701,0),
	(4121,'如日中天',2701,0),
	(4123,'乾坤一掷',2701,0),
	(4125,'螺旋迷宫',2701,0),
	(4127,'冶金庄',2701,0),
	(4129,'绝世佳人',2701,0),
	(4131,'怒沙之瞳',2701,0),
	(4133,'水月平原',2701,0),
	(4135,'护卫武士',2701,0),
	(4137,'胜者为王',2701,0),
	(4139,'决战沙场',2701,0),
	(5001,'天堑山脉',2106,0),
	(5004,'万仞峡谷',2106,0),
	(5005,'洪荒圣坛',2106,0),
	(5011,'白雾森林',2701,0),
	(5013,'旭日初升',2701,0),
	(5015,'迷宫卫士',2701,0),
	(5017,'破晓黎明',2701,0),
	(5019,'丘陵驿站',2701,0),
	(5021,'义结金兰',2701,0),
	(5023,'人在江湖',2701,0),
	(5025,'血浪鲨湾',2701,0),
	(5027,'药草坊',2701,0),
	(5029,'素雅主义',2701,0),
	(5031,'江南丽人',2701,0),
	(5033,'傲视天下',2701,0),
	(5035,'日月神',2701,0),
	(5037,'降龙伏虎',2701,0),
	(5039,'披星戴月',2701,0),
	(5040,'电信一区',2401,0),
	(5041,'联通区',2002,0),
	(5042,'电信一区',2102,0),
	(5043,'电信二区',2401,0),
	(5044,'电信区',2002,0),
	(5045,'电信二区',2102,0),
	(5046,'电信三区',2102,0),
	(5047,'双线一区',2002,0),
	(5048,'电信三区',2401,0),
	(5049,'电信四区',2401,0),
	(5050,'电信四区',2102,0),
	(5051,'电信五区',2102,0),
	(5052,'电信五区',2401,0),
	(5053,'电信六区',2401,0),
	(5054,'电信六区',2102,0),
	(5055,'电信七区',2401,0),
	(5056,'电信七区',2102,0),
	(5057,'电信八区',2401,0),
	(5058,'电信八区',2102,0),
	(5059,'网通(一/二)区',2401,0),
	(5060,'网通(一/二)区',2102,0),
	(5061,'网通三区',2102,0),
	(5062,'网通三区',2401,0),
	(5063,'三国群英传',35,0),
	(5064,'中华网电信区',955,0),
	(5065,'中华网网通区',955,0),
	(5066,'光明女神(电信合区)',954,0),
	(5067,'十二之天贰',35,0),
	(5068,'华东电信经典区-仙羽幻境',1528,0),
	(5069,'华东电信经典区-虎啸龙吟',1528,0),
	(5070,'双线一区-落霞流云',1528,0),
	(5071,'天使之恋',35,0),
	(5072,'悠游三国',35,0),
	(5073,'愤怒女神(网通合区)',954,0),
	(5074,'新电信一区-修罗天书',1528,0),
	(5075,'新电信一区-寰宇天下',1528,0),
	(5076,'新电信一区-潇湘夜雨',1528,0),
	(5077,'新电信一区-碧波水月',1528,0),
	(5078,'新网通一区-千秋雪',1528,0),
	(5079,'新网通一区-水龙吟',1528,0),
	(5080,'新网通一区-溪花雨',1528,0),
	(5081,'炎龙骑士团',35,0),
	(5082,'牧场OnWeb',35,0),
	(5083,'电信29区-多米纳斯遗迹',954,0),
	(5084,'电信31区-阿瓦罗纳',954,0),
	(5085,'电信一区',953,0),
	(5086,'电信三区',953,0),
	(5087,'电信二区',953,0),
	(5088,'电信二区-龙皇',1524,0),
	(5089,'电信五区',953,0),
	(5090,'电信六区',953,0),
	(5091,'电信区-世界之树',1533,0),
	(5092,'电信区-精灵国度',1533,0),
	(5093,'电信区-阿斯雷亚',1533,0),
	(5094,'电信四区',953,0),
	(5095,'电信四区-回音山',1523,0),
	(5096,'电信四区-天王殿',1523,0),
	(5097,'电信四区-天龙诀',1523,0),
	(5098,'电信四区-玲珑塔',1523,0),
	(5099,'电信四区-醉江湖',1523,0),
	(5100,'电信１',955,0),
	(5101,'电信２（新）',955,0),
	(5102,'精灵乐章online',35,0),
	(5103,'网通30区-阿罗克',954,0),
	(5104,'网通32区-兰哈尔',954,0),
	(5105,'网通一区',953,0),
	(5106,'网通三区',953,0),
	(5107,'网通二区',953,0),
	(5108,'网通四区',953,0),
	(5109,'网通１',955,0),
	(5110,'网通２（新）',955,0),
	(5111,'辉煌电信-麒麟',1524,0),
	(5112,'辉煌电信-黑帝',1524,0),
	(5113,'飘邈之旅Online',35,0),
	(5114,'黄易群侠传Online',35,0),
	(5115,'电信一区',2401,0),
	(5116,'联通区',2002,0),
	(5117,'电信一区',2102,0),
	(5118,'电信二区',2401,0),
	(5119,'电信区',2002,0),
	(5120,'电信二区',2102,0),
	(5121,'电信三区',2102,0),
	(5122,'双线一区',2002,0),
	(5123,'电信三区',2401,0),
	(5124,'电信四区',2401,0),
	(5125,'电信四区',2102,0),
	(5126,'电信五区',2102,0),
	(5127,'电信五区',2401,0),
	(5128,'电信六区',2401,0),
	(5129,'电信六区',2102,0),
	(5130,'电信七区',2401,0),
	(5131,'电信七区',2102,0),
	(5132,'电信八区',2401,0),
	(5133,'电信八区',2102,0),
	(5134,'网通(一/二)区',2401,0),
	(5135,'网通(一/二)区',2102,0),
	(5136,'网通三区',2102,0),
	(5137,'网通三区',2401,0),
	(5138,'三国群英传',35,0),
	(5139,'中华网电信区',955,0),
	(5140,'中华网网通区',955,0),
	(5141,'光明女神(电信合区)',954,0),
	(5142,'十二之天贰',35,0),
	(5143,'华东电信经典区-仙羽幻境',1528,0),
	(5144,'华东电信经典区-虎啸龙吟',1528,0),
	(5145,'双线一区-落霞流云',1528,0),
	(5146,'天使之恋',35,0),
	(5147,'悠游三国',35,0),
	(5148,'愤怒女神(网通合区)',954,0),
	(5149,'新电信一区-修罗天书',1528,0),
	(5150,'新电信一区-寰宇天下',1528,0),
	(5151,'新电信一区-潇湘夜雨',1528,0),
	(5152,'新电信一区-碧波水月',1528,0),
	(5153,'新网通一区-千秋雪',1528,0),
	(5154,'新网通一区-水龙吟',1528,0),
	(5155,'新网通一区-溪花雨',1528,0),
	(5156,'炎龙骑士团',35,0),
	(5157,'牧场OnWeb',35,0),
	(5158,'电信29区-多米纳斯遗迹',954,0),
	(5159,'电信31区-阿瓦罗纳',954,0),
	(5160,'电信一区',953,0),
	(5161,'电信三区',953,0),
	(5162,'电信二区',953,0),
	(5163,'电信二区-龙皇',1524,0),
	(5164,'电信五区',953,0),
	(5165,'电信六区',953,0),
	(5166,'电信区-世界之树',1533,0),
	(5167,'电信区-精灵国度',1533,0),
	(5168,'电信区-阿斯雷亚',1533,0),
	(5169,'电信四区',953,0),
	(5170,'电信四区-回音山',1523,0),
	(5171,'电信四区-天王殿',1523,0),
	(5172,'电信四区-天龙诀',1523,0),
	(5173,'电信四区-玲珑塔',1523,0),
	(5174,'电信四区-醉江湖',1523,0),
	(5175,'电信１',955,0),
	(5176,'电信２（新）',955,0),
	(5177,'精灵乐章online',35,0),
	(5178,'网通30区-阿罗克',954,0),
	(5179,'网通32区-兰哈尔',954,0),
	(5180,'网通一区',953,0),
	(5181,'网通三区',953,0),
	(5182,'网通二区',953,0),
	(5183,'网通四区',953,0),
	(5184,'网通１',955,0),
	(5185,'网通２（新）',955,0),
	(5186,'辉煌电信-麒麟',1524,0),
	(5187,'辉煌电信-黑帝',1524,0),
	(5188,'飘邈之旅Online',35,0),
	(5189,'黄易群侠传Online',35,0);

/*!40000 ALTER TABLE `area` ENABLE KEYS */;
UNLOCK TABLES;


# Dump of table cate
# ------------------------------------------------------------

DROP TABLE IF EXISTS `cate`;

CREATE TABLE `cate` (
  `id` int(11) unsigned NOT NULL AUTO_INCREMENT,
  `name` varchar(16) NOT NULL DEFAULT '',
  `state` int(11) NOT NULL DEFAULT '0',
  PRIMARY KEY (`id`)
) ENGINE=InnoDB DEFAULT CHARSET=utf8;

LOCK TABLES `cate` WRITE;
/*!40000 ALTER TABLE `cate` DISABLE KEYS */;

INSERT INTO `cate` (`id`, `name`, `state`)
VALUES
	(1,'手机业务',0),
	(2,'QQ业务',0),
	(3,'游戏',0),
	(4,'平台自有',0);

/*!40000 ALTER TABLE `cate` ENABLE KEYS */;
UNLOCK TABLES;


# Dump of table channel
# ------------------------------------------------------------

DROP TABLE IF EXISTS `channel`;

CREATE TABLE `channel` (
  `id` int(11) unsigned NOT NULL AUTO_INCREMENT,
  `name` varchar(32) NOT NULL DEFAULT '',
  `comment` varchar(64) DEFAULT NULL,
  `state` int(11) NOT NULL DEFAULT '0',
  PRIMARY KEY (`id`)
) ENGINE=InnoDB DEFAULT CHARSET=utf8;

LOCK TABLES `channel` WRITE;
/*!40000 ALTER TABLE `channel` DISABLE KEYS */;

INSERT INTO `channel` (`id`, `name`, `comment`, `state`)
VALUES
	(1,'腾讯','',0),
	(2,'财付通','',0),
	(3,'自有渠道','',0),
	(4,'应急渠道','',0),
	(5,'98折快充','',0),
	(6,'支付宝','',0),
	(7,'财付通','',0),
	(9,'全国电信固话','',0),
	(11,'欧飞快充','',0),
	(12,'高阳快充','',0),
	(16,'WWT','',0),
	(20,'完美时空','',0),
	(51,'广东空充(移动)','',0),
	(52,'江苏空充(移动)','',0),
	(53,'浙江空充(移动)','',0),
	(54,'上海空充(移动)','',0),
	(55,'北京空充(移动)','',0),
	(56,'山东空充(移动)','',0),
	(57,'河南空充(移动)','',0),
	(61,'湖北空充(移动)','',0),
	(62,'四川空充(移动)','',0),
	(63,'重庆空充(移动)','',0),
	(64,'广东空充(电信)','',0),
	(65,'山东空充(电信)','',0),
	(67,'湖南空充(电信)','',0),
	(68,'浙江空充(电信)','',0),
	(69,'北京空充(电信)','',0),
	(70,'上海空充(电信)','',0),
	(103,'jpay','',0),
	(203,'网易','',0),
	(301,'京讯达','',0),
	(401,'BK渠道','',0),
	(501,'卡门网云','',0);

/*!40000 ALTER TABLE `channel` ENABLE KEYS */;
UNLOCK TABLES;


# Dump of table creditlog
# ------------------------------------------------------------

DROP TABLE IF EXISTS `creditlog`;

CREATE TABLE `creditlog` (
  `id` int(11) unsigned NOT NULL AUTO_INCREMENT,
  `agent` int(11) NOT NULL,
  `diff` double NOT NULL,
  `ticket` varchar(32) NOT NULL DEFAULT '',
  `time` bigint(20) NOT NULL,
  `balance` double NOT NULL,
  PRIMARY KEY (`id`),
  KEY `agent` (`agent`)
) ENGINE=InnoDB DEFAULT CHARSET=utf8;



# Dump of table job
# ------------------------------------------------------------

DROP TABLE IF EXISTS `job`;

CREATE TABLE `job` (
  `id` int(11) unsigned NOT NULL AUTO_INCREMENT,
  `create_time` bigint(20) NOT NULL,
  `commit_time` bigint(20) DEFAULT NULL,
  `ticket_number` varchar(32) NOT NULL DEFAULT '',
  `to` varchar(32) NOT NULL DEFAULT '',
  `area` int(11) NOT NULL,
  `locking_on` varchar(32) DEFAULT NULL,
  `retried` int(11) NOT NULL DEFAULT '0',
  `result` int(11) NOT NULL DEFAULT '0',
  `reason` varchar(64) DEFAULT NULL,
  `product_id` int(11) NOT NULL,
  PRIMARY KEY (`id`),
  UNIQUE KEY `ticket_number` (`ticket_number`)
) ENGINE=InnoDB DEFAULT CHARSET=utf8;


# Dump of table price
# ------------------------------------------------------------

DROP TABLE IF EXISTS `price`;

CREATE TABLE `price` (
  `product_id` int(11) NOT NULL,
  `agent_level` int(11) NOT NULL,
  `stock_price` double NOT NULL,
  PRIMARY KEY (`product_id`,`agent_level`),
  KEY `agent_level` (`agent_level`)
) ENGINE=InnoDB DEFAULT CHARSET=utf8;

LOCK TABLES `price` WRITE;
/*!40000 ALTER TABLE `price` DISABLE KEYS */;

INSERT INTO `price` (`product_id`, `agent_level`, `stock_price`)
VALUES
	(1,9,0.95),
	(2,9,0.95),
	(4,9,9.1),
	(5,9,9.1),
	(6,9,9.1),
	(7,9,9.1),
	(8,9,9.1),
	(9,9,9.1),
	(10,9,9.1),
	(11,9,9.1),
	(12,9,9.1),
	(13,9,18.7),
	(14,9,27.6),
	(16,9,4.8),
	(17,9,4.8),
	(18,9,1),
	(24,9,5),
	(35,9,14.1),
	(58,9,30),
	(59,9,49.69),
	(60,9,99.3),
	(61,9,30),
	(62,9,30),
	(63,9,30),
	(64,9,30),
	(65,9,30),
	(66,9,30),
	(67,9,30),
	(68,9,30),
	(69,9,30),
	(70,9,30),
	(71,9,30),
	(72,9,30),
	(73,9,30),
	(74,9,30),
	(75,9,30),
	(76,9,30),
	(77,9,30),
	(78,9,30),
	(79,9,30),
	(80,9,30),
	(81,9,30),
	(82,9,30),
	(83,9,30),
	(84,9,30),
	(85,9,30),
	(86,9,30),
	(87,9,30),
	(88,9,30),
	(89,9,30),
	(90,9,30),
	(91,9,49.69),
	(92,9,49.69),
	(93,9,49.69),
	(94,9,49.69),
	(95,9,49.69),
	(96,9,49.69),
	(97,9,49.69),
	(98,9,49.69),
	(99,9,49.69),
	(100,9,49.69),
	(101,9,49.69),
	(102,9,49.69),
	(103,9,49.69),
	(104,9,49.69),
	(105,9,49.69),
	(106,9,49.69),
	(107,9,49.69),
	(108,9,49.69),
	(109,9,49.69),
	(110,9,49.69),
	(111,9,49.69),
	(112,9,49.69),
	(113,9,49.69),
	(114,9,49.69),
	(115,9,49.69),
	(116,9,49.69),
	(117,9,49.69),
	(118,9,49.69),
	(119,9,49.69),
	(120,9,49.69),
	(121,9,99.3),
	(122,9,99.3),
	(123,9,99.3),
	(124,9,99.3),
	(125,9,99.3),
	(126,9,99.3),
	(127,9,99.3),
	(128,9,99.3),
	(129,9,99.3),
	(130,9,99.3),
	(131,9,99.3),
	(132,9,99.3),
	(133,9,99.3),
	(134,9,99.3),
	(135,9,99.3),
	(136,9,99.3),
	(137,9,99.3),
	(138,9,99.3),
	(139,9,99.3),
	(140,9,99.3),
	(141,9,99.3),
	(142,9,99.3),
	(143,9,99.3),
	(144,9,99.3),
	(145,9,99.3),
	(146,9,99.3),
	(147,9,99.3),
	(148,9,99.3),
	(149,9,99.3),
	(150,9,99.3),
	(182,9,29.68),
	(183,9,29.68),
	(184,9,29.68),
	(185,9,29.68),
	(186,9,29.68),
	(187,9,29.68),
	(188,9,29.68),
	(189,9,29.68),
	(190,9,29.68),
	(191,9,29.68),
	(192,9,29.68),
	(193,9,29.68),
	(194,9,29.95),
	(195,9,29.95),
	(196,9,29.95),
	(197,9,29.95),
	(198,9,29.95),
	(199,9,29.95),
	(200,9,29.95),
	(201,9,29.95),
	(202,9,29.95),
	(203,9,29.95),
	(204,9,29.95),
	(205,9,29.95),
	(206,9,29.95),
	(207,9,29.95),
	(208,9,29.95),
	(209,9,29.95),
	(210,9,29.95),
	(211,9,29.95),
	(212,9,29.95),
	(213,9,29.95),
	(214,9,29.95),
	(215,9,29.95),
	(216,9,29.95),
	(217,9,29.95),
	(218,9,29.95),
	(219,9,29.95),
	(220,9,29.95),
	(221,9,29.95),
	(222,9,29.95),
	(223,9,29.68),
	(224,9,29.68),
	(225,9,29.68),
	(226,9,29.68),
	(227,9,29.68),
	(228,9,29.68),
	(229,9,29.68),
	(230,9,29.95),
	(231,9,29.68),
	(232,9,29.68),
	(233,9,29.68),
	(234,9,29.68),
	(235,9,29.68),
	(236,9,29.68),
	(237,9,29.68),
	(238,9,29.68),
	(239,9,29.68),
	(240,9,29.95),
	(241,9,29.68),
	(242,9,29.68),
	(243,9,49.38),
	(244,9,49.38),
	(245,9,49.38),
	(246,9,49.38),
	(247,9,49.38),
	(248,9,49.38),
	(249,9,49.38),
	(250,9,49.38),
	(251,9,49.38),
	(252,9,49.38),
	(253,9,49.38),
	(254,9,49.38),
	(255,9,49.38),
	(256,9,49.38),
	(257,9,49.38),
	(258,9,49.35),
	(259,9,49.35),
	(260,9,49.35),
	(261,9,49.35),
	(262,9,49.35),
	(263,9,49.35),
	(264,9,49.35),
	(265,9,49.35),
	(266,9,49.35),
	(267,9,49.35),
	(268,9,49.35),
	(269,9,49.35),
	(270,9,49.35),
	(271,9,49.35),
	(272,9,49.35),
	(273,9,49.35),
	(274,9,49.35),
	(275,9,49.35),
	(276,9,49.35),
	(277,9,49.35),
	(278,9,49.35),
	(279,9,49.35),
	(280,9,49.35),
	(281,9,49.35),
	(282,9,49.35),
	(283,9,49.35),
	(284,9,49.35),
	(285,9,49.35),
	(286,9,49.35),
	(287,9,49.35),
	(288,9,49.35),
	(289,9,49.38),
	(290,9,49.38),
	(291,9,49.38),
	(292,9,49.38),
	(293,9,49.38),
	(294,9,49.38),
	(295,9,49.38),
	(296,9,49.38),
	(297,9,49.38),
	(298,9,49.38),
	(299,9,49.38),
	(300,9,49.38),
	(301,9,49.38),
	(302,9,49.38),
	(303,9,49.38),
	(304,9,49.38),
	(305,9,98.67),
	(306,9,98.67),
	(307,9,98.67),
	(308,9,98.67),
	(309,9,98.7),
	(310,9,98.7),
	(311,9,98.7),
	(312,9,98.7),
	(313,9,98.7),
	(314,9,98.7),
	(315,9,98.7),
	(316,9,98.7),
	(317,9,98.7),
	(318,9,98.7),
	(319,9,98.7),
	(320,9,98.7),
	(321,9,98.7),
	(322,9,98.7),
	(323,9,98.7),
	(324,9,98.7),
	(325,9,98.7),
	(326,9,98.7),
	(327,9,98.7),
	(328,9,98.7),
	(329,9,98.7),
	(330,9,98.7),
	(331,9,98.7),
	(332,9,98.7),
	(333,9,98.7),
	(334,9,98.7),
	(335,9,98.7),
	(336,9,98.7),
	(337,9,98.7),
	(338,9,98.7),
	(339,9,98.7),
	(340,9,98.67),
	(341,9,98.67),
	(342,9,98.67),
	(343,9,98.67),
	(344,9,98.67),
	(345,9,98.67),
	(346,9,98.67),
	(347,9,98.67),
	(348,9,98.67),
	(349,9,98.67),
	(350,9,98.67),
	(351,9,98.67),
	(352,9,98.67),
	(353,9,98.67),
	(354,9,98.67),
	(355,9,98.67),
	(356,9,98.67),
	(357,9,98.67),
	(358,9,98.67),
	(359,9,98.67),
	(360,9,98.67),
	(361,9,98.67),
	(362,9,98.67),
	(363,9,98.67),
	(364,9,98.67),
	(365,9,98.67),
	(366,9,98.67),
	(369,9,2),
	(370,9,3),
	(371,9,4),
	(372,9,6),
	(373,9,7),
	(374,9,8),
	(375,9,9),
	(376,9,30),
	(377,9,49.68),
	(378,9,99.3),
	(379,9,30),
	(380,9,49.68),
	(381,9,99.3),
	(382,9,30),
	(383,9,49.68),
	(384,9,99.3),
	(385,9,30),
	(386,9,49.68),
	(387,9,99.3),
	(388,9,30),
	(389,9,49.68),
	(390,9,99.3),
	(391,9,30),
	(392,9,49.68),
	(393,9,99.3),
	(394,9,30),
	(395,9,49.68),
	(396,9,99.3),
	(397,9,30),
	(398,9,49.68),
	(399,9,99.3),
	(400,9,30),
	(401,9,49.68),
	(402,9,99.3),
	(403,9,30),
	(404,9,49.68),
	(405,9,99.3),
	(406,9,30),
	(407,9,49.68),
	(408,9,99.3),
	(409,9,30),
	(410,9,49.68),
	(411,9,99.3),
	(412,9,30),
	(413,9,49.68),
	(414,9,99.3),
	(415,9,30),
	(416,9,49.68),
	(417,9,99.3),
	(418,9,30),
	(419,9,49.68),
	(420,9,99.3),
	(421,9,30),
	(422,9,49.68),
	(423,9,99.3),
	(424,9,30),
	(425,9,49.68),
	(426,9,99.3),
	(427,9,30),
	(428,9,49.68),
	(429,9,99.3),
	(430,9,30),
	(431,9,49.68),
	(432,9,99.3),
	(433,9,30),
	(434,9,49.68),
	(435,9,99.3),
	(436,9,30),
	(437,9,49.68),
	(438,9,99.3),
	(439,9,30),
	(440,9,49.68),
	(441,9,99.3),
	(442,9,30),
	(443,9,49.68),
	(444,9,99.3),
	(445,9,30),
	(446,9,49.68),
	(447,9,99.3),
	(448,9,30),
	(449,9,49.68),
	(450,9,99.3),
	(451,9,30),
	(452,9,49.68),
	(453,9,99.3),
	(454,9,30),
	(455,9,49.68),
	(456,9,99.3),
	(457,9,30),
	(458,9,49.68),
	(459,9,99.3),
	(460,9,30),
	(461,9,49.68),
	(462,9,99.3),
	(463,9,30),
	(464,9,49.68),
	(465,9,99.3),
	(466,9,30),
	(467,9,49.68),
	(468,9,99.3),
	(469,9,29.7),
	(470,9,49.37),
	(471,9,98.66),
	(472,9,29.7),
	(473,9,49.37),
	(474,9,98.66),
	(475,9,29.7),
	(476,9,49.37),
	(477,9,98.66),
	(478,9,29.7),
	(479,9,49.37),
	(480,9,98.66),
	(481,9,29.7),
	(482,9,49.37),
	(483,9,98.66),
	(484,9,29.7),
	(485,9,49.37),
	(486,9,98.66),
	(487,9,29.7),
	(488,9,49.37),
	(489,9,98.66),
	(490,9,29.7),
	(491,9,49.37),
	(492,9,98.66),
	(493,9,29.7),
	(494,9,49.37),
	(495,9,98.66),
	(496,9,29.7),
	(497,9,49.37),
	(498,9,98.66),
	(499,9,29.7),
	(500,9,49.37),
	(501,9,98.66),
	(502,9,29.7),
	(503,9,49.37),
	(504,9,98.66),
	(505,9,29.7),
	(506,9,49.37),
	(507,9,98.66),
	(508,9,29.7),
	(509,9,49.37),
	(510,9,98.66),
	(511,9,29.7),
	(512,9,49.37),
	(513,9,98.66),
	(514,9,29.7),
	(515,9,49.37),
	(516,9,98.66),
	(517,9,29.7),
	(518,9,49.37),
	(519,9,98.66),
	(520,9,29.7),
	(521,9,49.37),
	(522,9,98.66),
	(523,9,29.7),
	(524,9,49.37),
	(525,9,98.66),
	(526,9,29.7),
	(527,9,49.37),
	(528,9,98.66),
	(529,9,29.7),
	(530,9,49.37),
	(531,9,98.66),
	(532,9,29.7),
	(533,9,49.37),
	(534,9,98.66),
	(535,9,29.7),
	(536,9,49.37),
	(537,9,98.66),
	(538,9,29.7),
	(539,9,49.37),
	(540,9,98.66),
	(541,9,29.7),
	(542,9,49.37),
	(543,9,98.66),
	(544,9,29.7),
	(545,9,49.37),
	(546,9,98.66),
	(547,9,29.7),
	(548,9,49.37),
	(549,9,98.66),
	(550,9,29.7),
	(551,9,49.37),
	(552,9,98.66),
	(553,9,29.7),
	(554,9,49.37),
	(555,9,98.66),
	(556,9,29.7),
	(557,9,49.37),
	(558,9,98.66),
	(559,9,29.7),
	(560,9,49.37),
	(561,9,98.66),
	(811,9,29.68),
	(953,9,0.936),
	(954,9,0.935),
	(955,9,0.935),
	(956,9,9.33),
	(959,9,13.8),
	(963,9,9.95),
	(965,9,10),
	(966,9,10),
	(968,9,10),
	(969,9,10),
	(970,9,10),
	(971,9,10),
	(972,9,9.98),
	(973,9,9.98),
	(974,9,10),
	(975,9,10),
	(976,9,10),
	(977,9,9.95),
	(978,9,10),
	(979,9,9.95),
	(980,9,9.98),
	(981,9,9.95),
	(982,9,10),
	(983,9,9.95),
	(984,9,10),
	(986,9,10),
	(987,9,10),
	(988,9,9.95),
	(989,9,9.95),
	(990,9,10),
	(991,9,10),
	(992,9,10),
	(993,9,10),
	(994,9,10),
	(995,9,20),
	(996,9,20),
	(997,9,20),
	(998,9,20),
	(999,9,20),
	(1000,9,19.95),
	(1001,9,19.95),
	(1002,9,20),
	(1003,9,20),
	(1004,9,19.95),
	(1005,9,20),
	(1006,9,19.95),
	(1007,9,20),
	(1008,9,19.95),
	(1009,9,19.98),
	(1010,9,19.98),
	(1011,9,20),
	(1012,9,19.9),
	(1013,9,20),
	(1014,9,20),
	(1015,9,20),
	(1016,9,19.98),
	(1017,9,19.98),
	(1018,9,20),
	(1019,9,20),
	(1020,9,20),
	(1021,9,20),
	(1022,9,20),
	(1023,9,20),
	(1029,9,10),
	(1030,9,10),
	(1031,9,10),
	(1032,9,10),
	(1033,9,10),
	(1034,9,10),
	(1035,9,10),
	(1036,9,10),
	(1037,9,10),
	(1038,9,10),
	(1039,9,10),
	(1040,9,10),
	(1041,9,10),
	(1042,9,10),
	(1043,9,10),
	(1044,9,10),
	(1045,9,10),
	(1046,9,10),
	(1047,9,10),
	(1048,9,10),
	(1049,9,10),
	(1050,9,10),
	(1051,9,10),
	(1052,9,10),
	(1053,9,9.97),
	(1054,9,10),
	(1055,9,9.94),
	(1056,9,9.94),
	(1057,9,9.94),
	(1058,9,19.8),
	(1059,9,19.8),
	(1060,9,19.8),
	(1061,9,19.8),
	(1062,9,19.8),
	(1063,9,19.8),
	(1064,9,19.8),
	(1065,9,19.8),
	(1066,9,19.8),
	(1067,9,19.8),
	(1068,9,19.8),
	(1069,9,19.8),
	(1070,9,19.8),
	(1071,9,19.8),
	(1072,9,19.8),
	(1073,9,19.8),
	(1074,9,19.8),
	(1075,9,19.8),
	(1076,9,19.8),
	(1077,9,19.8),
	(1078,9,19.8),
	(1079,9,19.8),
	(1080,9,19.8),
	(1081,9,19.8),
	(1082,9,19.7),
	(1083,9,19.8),
	(1084,9,19.7),
	(1085,9,19.7),
	(1086,9,19.7),
	(1089,9,1),
	(1090,9,2),
	(1091,9,3),
	(1092,9,4),
	(1093,9,5),
	(1094,9,6),
	(1095,9,7),
	(1096,9,8),
	(1097,9,9),
	(1098,9,10),
	(1099,9,10),
	(1100,9,19.8),
	(1101,9,19.8),
	(1124,9,29.9),
	(1125,9,49.6),
	(1126,9,99.15),
	(1127,9,29.6),
	(1128,9,49.3),
	(1129,9,98.6),
	(1130,9,29.8),
	(1131,9,49.2),
	(1132,9,98.4),
	(1137,9,10),
	(1138,9,20),
	(1139,9,10),
	(1140,9,20),
	(1147,9,14.55),
	(1162,9,100),
	(1163,9,50),
	(1164,9,30),
	(1165,9,30),
	(1166,9,50),
	(1167,9,100),
	(1168,9,98),
	(1169,9,98),
	(1170,9,98),
	(1171,9,84.4),
	(1172,9,29.85),
	(1173,9,49.58),
	(1174,9,99.15),
	(1175,9,198.2),
	(1176,9,297.5),
	(1178,9,29.85),
	(1179,9,49.35),
	(1180,9,98.6),
	(1181,9,197.2),
	(1182,9,295.8),
	(1183,9,29.85),
	(1184,9,49.55),
	(1185,9,99.1),
	(1186,9,297.2),
	(1192,9,29.85),
	(1193,9,49.5),
	(1194,9,99),
	(1195,9,297),
	(1196,9,27.6),
	(1199,9,9.4),
	(1202,9,9.6),
	(1205,9,0.96),
	(1206,9,18.6),
	(1209,9,9.6),
	(1210,9,9.6),
	(1211,9,4.8),
	(1212,9,0.96),
	(1213,9,29.85),
	(1214,9,49.58),
	(1215,9,99.15),
	(1216,9,297.4),
	(1341,9,49.3),
	(1342,9,98.6),
	(1343,9,49.3),
	(1344,9,98.6),
	(1345,9,49.3),
	(1346,9,98.6),
	(1347,9,49.3),
	(1348,9,98.6),
	(1349,9,49.3),
	(1350,9,98.6),
	(1351,9,49.3),
	(1352,9,98.6),
	(1353,9,49.3),
	(1354,9,98.6),
	(1355,9,49.3),
	(1356,9,98.6),
	(1357,9,49.3),
	(1358,9,98.6),
	(1359,9,49.3),
	(1360,9,98.6),
	(1361,9,49.3),
	(1362,9,98.6),
	(1363,9,49.3),
	(1364,9,98.6),
	(1365,9,49.3),
	(1366,9,98.6),
	(1367,9,49.3),
	(1368,9,98.6),
	(1369,9,49.3),
	(1370,9,98.6),
	(1371,9,49.3),
	(1372,9,98.6),
	(1373,9,49.3),
	(1374,9,98.6),
	(1375,9,49.3),
	(1376,9,98.6),
	(1377,9,49.3),
	(1378,9,98.6),
	(1379,9,49.3),
	(1380,9,98.6),
	(1381,9,49.3),
	(1382,9,98.6),
	(1383,9,49.3),
	(1384,9,98.6),
	(1385,9,49.3),
	(1386,9,98.6),
	(1387,9,49.3),
	(1388,9,98.6),
	(1389,9,49.3),
	(1390,9,98.6),
	(1391,9,49.3),
	(1392,9,98.6),
	(1393,9,49.3),
	(1394,9,98.6),
	(1395,9,49.3),
	(1396,9,98.6),
	(1397,9,49.3),
	(1398,9,98.6),
	(1399,9,49.3),
	(1400,9,98.6),
	(1401,9,49.3),
	(1402,9,98.6),
	(1404,9,29.85),
	(1405,9,49.55),
	(1406,9,99.1),
	(1412,9,98.6),
	(1413,9,49.3),
	(1414,9,29.7),
	(1415,9,197.1),
	(1416,9,295.65),
	(1422,9,196.76),
	(1434,9,29.7),
	(1435,9,49.2),
	(1436,9,98.35),
	(1437,9,295.2),
	(1439,9,29.56),
	(1440,9,49.1),
	(1441,9,98.2),
	(1442,9,196.4),
	(1443,9,294.6),
	(1444,9,29.4),
	(1445,9,49),
	(1446,9,98),
	(1447,9,196),
	(1448,9,294),
	(1449,9,29.67),
	(1450,9,49.29),
	(1451,9,98.59),
	(1452,9,197.12),
	(1453,9,295.68),
	(1454,9,29.87),
	(1455,9,49.5),
	(1456,9,99.1),
	(1457,9,198),
	(1478,9,29.7),
	(1479,9,49.3),
	(1480,9,98.6),
	(1481,9,197.2),
	(1482,9,295.8),
	(1486,9,9.9),
	(1487,9,19.85),
	(1488,9,9.9),
	(1489,9,19.75),
	(1490,9,9.85),
	(1491,9,19.7),
	(1492,9,9.9),
	(1493,9,19.8),
	(1494,9,19.6),
	(1514,9,20),
	(1515,9,20),
	(1516,9,20),
	(1517,9,20),
	(1518,9,20),
	(1519,9,20),
	(1520,9,20),
	(1521,9,9.2),
	(1522,9,9.2),
	(1523,9,9.2),
	(1524,9,9.2),
	(1525,9,9.2),
	(1526,9,9.2),
	(1527,9,9.2),
	(1528,9,9.2),
	(1529,9,9.2),
	(1530,9,9.2),
	(1531,9,9.2),
	(1532,9,9.2),
	(1533,9,9.2),
	(1534,9,9.2),
	(1551,9,20),
	(1552,9,20),
	(1553,9,20),
	(1554,9,20),
	(1555,9,20),
	(1556,9,20),
	(1557,9,20),
	(1558,9,20),
	(1559,9,20),
	(1560,9,20),
	(1561,9,20),
	(1562,9,20),
	(1563,9,20),
	(1564,9,20),
	(1565,9,20),
	(1566,9,20),
	(1567,9,20),
	(1568,9,20),
	(1569,9,20),
	(1570,9,20),
	(1571,9,20),
	(1572,9,20),
	(1573,9,20),
	(1574,9,20),
	(1582,9,10),
	(1583,9,19.8),
	(1598,9,9.1),
	(1603,9,9.1),
	(1604,9,9.1),
	(1609,9,9.1),
	(1610,9,9.1),
	(1613,9,13.95),
	(1616,9,19),
	(1623,9,0.935),
	(1624,9,9.68),
	(1625,9,0.937),
	(1626,9,9.36),
	(1627,9,0.894),
	(1628,9,0.894),
	(1629,9,0.894),
	(1630,9,0.932),
	(1631,9,9.8),
	(1632,9,9.3),
	(1633,9,0.98),
	(1634,9,0.98),
	(1635,9,0.98),
	(1636,9,0.98),
	(1637,9,0.98),
	(1638,9,0.98),
	(1639,9,0.98),
	(1640,9,0.98),
	(1641,9,0.98),
	(1642,9,0.98),
	(1643,9,9.4),
	(1665,9,49.38),
	(1666,9,29.68),
	(1667,9,98.67),
	(1678,9,45),
	(1679,9,13.95),
	(1680,9,13.6),
	(1681,9,29.87),
	(1682,9,49.49),
	(1683,9,98.98),
	(1684,9,198),
	(1685,9,297),
	(1693,9,49.63),
	(1694,9,99.25),
	(1695,9,148.89),
	(1696,9,198.4),
	(1697,9,297.7),
	(1698,9,19.9),
	(1699,9,10),
	(1700,9,29.85),
	(1701,9,49.25),
	(1702,9,98.5),
	(1903,9,29.8),
	(1904,9,296.4),
	(1905,9,98.85),
	(1906,9,49.45),
	(1907,9,9.7),
	(2001,9,29.88),
	(2002,9,14.3),
	(2003,9,0.96),
	(2004,9,9.6),
	(2006,9,9.2),
	(2007,9,9.2),
	(2008,9,9.6),
	(2009,9,0.91),
	(2102,9,14.35),
	(2103,9,14.35),
	(2104,9,9.6),
	(2105,9,4.8),
	(2106,9,9.6),
	(2107,9,9.5),
	(2108,9,0.96),
	(2201,9,9.45),
	(2301,9,0.92),
	(2401,9,14.35),
	(2501,9,1),
	(2502,9,9.9),
	(2503,9,49.25),
	(2504,9,98.5),
	(2601,9,4.7),
	(2701,9,9.6),
	(9000,9,1),
	(9101,9,100);

/*!40000 ALTER TABLE `price` ENABLE KEYS */;
UNLOCK TABLES;


# Dump of table product
# ------------------------------------------------------------

DROP TABLE IF EXISTS `product`;

CREATE TABLE `product` (
  `id` int(11) unsigned NOT NULL AUTO_INCREMENT,
  `name` varchar(32) NOT NULL DEFAULT '',
  `norm_value` double NOT NULL,
  `stock_price` double DEFAULT NULL,
  `scale` varchar(16) NOT NULL DEFAULT '',
  `subcate` int(11) DEFAULT NULL,
  `cate` int(11) DEFAULT NULL,
  `channel` int(11) DEFAULT NULL,
  `province` int(11) DEFAULT NULL,
  `inventory` int(11) DEFAULT NULL,
  `order` int(11) DEFAULT NULL,
  `count_min` int(11) DEFAULT NULL,
  `count_max` int(11) DEFAULT NULL,
  `state` int(11) NOT NULL DEFAULT '0',
  PRIMARY KEY (`id`)
) ENGINE=InnoDB DEFAULT CHARSET=utf8;

LOCK TABLES `product` WRITE;
/*!40000 ALTER TABLE `product` DISABLE KEYS */;

INSERT INTO `product` (`id`, `name`, `norm_value`, `stock_price`, `scale`, `subcate`, `cate`, `channel`, `province`, `inventory`, `order`, `count_min`, `count_max`, `state`)
VALUES
	(1,'Q币',1,0.95,'个',201,2,103,0,99,1,1,1000,0),
	(2,'Q点',10,0.95,'点',201,2,103,0,99,2,1,1000,0),
	(4,'QQ会员',1,9.1,'个月',200,2,2,0,99,3,1,1000,0),
	(5,'QQ黄钻',1,9.1,'个月',200,2,2,0,99,4,1,1000,0),
	(6,'QQ蓝钻',1,9.1,'个月',200,2,2,0,99,6,1,1000,0),
	(7,'QQ红钻',1,9.1,'个月',200,2,2,0,99,5,1,1000,0),
	(8,'QQ粉钻',1,9.1,'个月',200,2,2,0,99,8,1,1000,0),
	(9,'QQ绿钻',1,9.1,'个月',200,2,2,0,99,7,1,1000,0),
	(10,'QQ堂紫钻',1,9.1,'个月',200,2,2,0,99,18,1,1000,0),
	(11,'QQ飞车紫钻',1,9.1,'个月',200,2,2,0,99,20,1,1000,0),
	(12,'QQ音速紫钻',1,9.1,'个月',200,2,2,0,99,19,1,1000,0),
	(13,'DNF黑钻',1,18.7,'个月',200,2,2,0,99,14,1,1000,0),
	(14,'CF会员',1,27.6,'个月',200,2,2,0,99,9,1,1000,0),
	(16,'大礼包(欢乐豆53000)',1,4.8,'个月',200,2,103,0,99,25,1,1000,0),
	(17,'DNF点券',500,4.8,'点',200,2,2,0,99,13,1,1000,0),
	(18,'移动小面额',1,1,'元',100,1,3,0,99,1,1,1000,0),
	(24,'移动小面额',5,5,'元',100,1,3,0,99,1,1,1000,0),
	(35,'悠游一卡通',15,14.1,'元',300,3,16,0,99,10,1,10,0),
	(58,'广东移动(手机)',30,30,'元',100,1,12,44,99,3,1,1,0),
	(59,'广东移动(手机)',50,49.69,'元',100,1,12,44,99,3,1,1,0),
	(60,'广东移动(手机)',100,99.3,'元',100,1,12,44,99,3,1,1,0),
	(61,'山东移动(手机)',30,30,'元',100,1,12,37,99,3,1,1,0),
	(62,'福建移动(手机)',30,30,'元',100,1,12,35,99,3,1,1,0),
	(63,'安徽移动(手机)',30,30,'元',100,1,12,34,99,3,1,1,0),
	(64,'浙江移动(手机)',30,30,'元',100,1,12,33,99,3,1,1,0),
	(65,'江苏移动(手机)',30,30,'元',100,1,12,32,99,3,1,1,0),
	(66,'上海移动(手机)',30,30,'元',100,1,12,31,99,3,1,1,0),
	(67,'黑龙江移动(手机)',30,30,'元',100,1,12,23,99,3,1,1,0),
	(68,'吉林移动(手机)',30,30,'元',100,1,12,22,99,3,1,1,0),
	(69,'辽宁移动(手机)',30,30,'元',100,1,12,21,99,3,1,1,0),
	(70,'内蒙古移动(手机)',30,30,'元',100,1,12,15,99,3,1,1,0),
	(71,'山西移动(手机)',30,30,'元',100,1,12,14,99,3,1,1,0),
	(72,'河北移动(手机)',30,30,'元',100,1,12,13,99,3,1,1,0),
	(73,'天津移动(手机)',30,30,'元',100,1,12,12,99,3,1,1,0),
	(74,'北京移动(手机)',30,30,'元',100,1,12,11,99,3,1,1,0),
	(75,'河南移动(手机)',30,30,'元',100,1,12,41,99,3,1,1,0),
	(76,'湖北移动(手机)',30,30,'元',100,1,12,42,99,3,1,1,0),
	(77,'重庆移动(手机)',30,30,'元',100,1,12,50,99,3,1,1,0),
	(78,'新疆移动(手机)',30,30,'元',100,1,12,65,99,3,1,1,0),
	(79,'宁夏移动(手机)',30,30,'元',100,1,12,64,99,3,1,1,0),
	(80,'青海移动(手机)',30,30,'元',100,1,12,63,99,3,1,1,0),
	(81,'甘肃移动(手机)',30,30,'元',100,1,12,62,99,3,1,1,0),
	(82,'陕西移动(手机)',30,30,'元',100,1,12,61,99,3,1,1,0),
	(83,'西藏移动(手机)',30,30,'元',100,1,12,54,99,3,1,1,0),
	(84,'云南移动(手机)',30,30,'元',100,1,12,53,99,3,1,1,0),
	(85,'贵州移动(手机)',30,30,'元',100,1,12,52,99,3,1,1,0),
	(86,'四川移动(手机)',30,30,'元',100,1,12,51,99,3,1,1,0),
	(87,'海南移动(手机)',30,30,'元',100,1,12,46,99,3,1,1,0),
	(88,'广西移动(手机)',30,30,'元',100,1,12,45,99,3,1,1,0),
	(89,'湖南移动(手机)',30,30,'元',100,1,12,43,99,3,1,1,0),
	(90,'江西移动(手机)',30,30,'元',100,1,12,36,99,3,1,1,0),
	(91,'江西移动(手机)',50,49.69,'元',100,1,12,36,99,3,1,1,0),
	(92,'福建移动(手机)',50,49.69,'元',100,1,12,35,99,3,1,1,0),
	(93,'安徽移动(手机)',50,49.69,'元',100,1,12,34,99,3,1,1,0),
	(94,'浙江移动(手机)',50,49.69,'元',100,1,12,33,99,3,1,1,0),
	(95,'江苏移动(手机)',50,49.69,'元',100,1,12,32,99,3,1,1,0),
	(96,'黑龙江移动(手机)',50,49.69,'元',100,1,12,23,99,3,1,1,0),
	(97,'吉林移动(手机)',50,49.69,'元',100,1,12,22,99,3,1,1,0),
	(98,'辽宁移动(手机)',50,49.69,'元',100,1,12,21,99,3,1,1,0),
	(99,'内蒙古移动(手机)',50,49.69,'元',100,1,12,15,99,3,1,1,0),
	(100,'新疆移动(手机)',50,49.69,'元',100,1,12,65,99,3,1,1,0),
	(101,'宁夏移动(手机)',50,49.69,'元',100,1,12,64,99,3,1,1,0),
	(102,'青海移动(手机)',50,49.69,'元',100,1,12,63,99,3,1,1,0),
	(103,'甘肃移动(手机)',50,49.69,'元',100,1,12,62,99,3,1,1,0),
	(104,'陕西移动(手机)',50,49.69,'元',100,1,12,61,99,3,1,1,0),
	(105,'西藏移动(手机)',50,49.69,'元',100,1,12,54,99,3,1,1,0),
	(106,'云南移动(手机)',50,49.69,'元',100,1,12,53,99,3,1,1,0),
	(107,'贵州移动(手机)',50,49.69,'元',100,1,12,52,99,3,1,1,0),
	(108,'四川移动(手机)',50,49.69,'元',100,1,12,51,99,3,1,1,0),
	(109,'海南移动(手机)',50,49.69,'元',100,1,12,46,99,3,1,1,0),
	(110,'广西移动(手机)',50,49.69,'元',100,1,12,45,99,3,1,1,0),
	(111,'湖南移动(手机)',50,49.69,'元',100,1,12,43,99,3,1,1,0),
	(112,'湖北移动(手机)',50,49.69,'元',100,1,12,42,99,3,1,1,0),
	(113,'河南移动(手机)',50,49.69,'元',100,1,12,41,99,3,1,1,0),
	(114,'山东移动(手机)',50,49.69,'元',100,1,12,37,99,3,1,1,0),
	(115,'山西移动(手机)',50,49.69,'元',100,1,12,14,99,3,1,1,0),
	(116,'河北移动(手机)',50,49.69,'元',100,1,12,13,99,3,1,1,0),
	(117,'重庆移动(手机)',50,49.69,'元',100,1,12,50,99,3,1,1,0),
	(118,'天津移动(手机)',50,49.69,'元',100,1,12,12,99,3,1,1,0),
	(119,'上海移动(手机)',50,49.69,'元',100,1,12,31,99,3,1,1,0),
	(120,'北京移动(手机)',50,49.69,'元',100,1,12,11,99,3,1,1,0),
	(121,'辽宁移动(手机)',100,99.3,'元',100,1,12,21,99,3,1,1,0),
	(122,'内蒙古移动(手机)',100,99.3,'元',100,1,12,15,99,3,1,1,0),
	(123,'山西移动(手机)',100,99.3,'元',100,1,12,14,99,3,1,1,0),
	(124,'河北移动(手机)',100,99.3,'元',100,1,12,13,99,3,1,1,0),
	(125,'重庆移动(手机)',100,99.3,'元',100,1,12,50,99,3,1,1,0),
	(126,'天津移动(手机)',100,99.3,'元',100,1,12,12,99,3,1,1,0),
	(127,'上海移动(手机)',100,99.3,'元',100,1,12,31,99,3,1,1,0),
	(128,'北京移动(手机)',100,99.3,'元',100,1,12,11,99,3,1,1,0),
	(129,'新疆移动(手机)',100,99.3,'元',100,1,12,65,99,3,1,1,0),
	(130,'宁夏移动(手机)',100,99.3,'元',100,1,12,64,99,3,1,1,0),
	(131,'青海移动(手机)',100,99.3,'元',100,1,12,63,99,3,1,1,0),
	(132,'甘肃移动(手机)',100,99.3,'元',100,1,12,62,99,3,1,1,0),
	(133,'陕西移动(手机)',100,99.3,'元',100,1,12,61,99,3,1,1,0),
	(134,'西藏移动(手机)',100,99.3,'元',100,1,12,54,99,3,1,1,0),
	(135,'云南移动(手机)',100,99.3,'元',100,1,12,53,99,3,1,1,0),
	(136,'贵州移动(手机)',100,99.3,'元',100,1,12,52,99,3,1,1,0),
	(137,'四川移动(手机)',100,99.3,'元',100,1,12,51,99,3,1,1,0),
	(138,'海南移动(手机)',100,99.3,'元',100,1,12,46,99,3,1,1,0),
	(139,'广西移动(手机)',100,99.3,'元',100,1,12,45,99,3,1,1,0),
	(140,'湖南移动(手机)',100,99.3,'元',100,1,12,43,99,3,1,1,0),
	(141,'湖北移动(手机)',100,99.3,'元',100,1,12,42,99,3,1,1,0),
	(142,'河南移动(手机)',100,99.3,'元',100,1,12,41,99,3,1,1,0),
	(143,'山东移动(手机)',100,99.3,'元',100,1,12,37,99,3,1,1,0),
	(144,'江西移动(手机)',100,99.3,'元',100,1,12,36,99,3,1,1,0),
	(145,'福建移动(手机)',100,99.3,'元',100,1,12,35,99,3,1,1,0),
	(146,'安徽移动(手机)',100,99.3,'元',100,1,12,34,99,3,1,1,0),
	(147,'浙江移动(手机)',100,99.3,'元',100,1,12,33,99,3,1,1,0),
	(148,'江苏移动(手机)',100,99.3,'元',100,1,12,32,99,3,1,1,0),
	(149,'黑龙江移动(手机)',100,99.3,'元',100,1,12,23,99,3,1,1,0),
	(150,'吉林移动(手机)',100,99.3,'元',100,1,12,22,99,3,1,1,0),
	(182,'江西联通(手机)',30,29.68,'元',101,1,12,36,99,3,1,1,0),
	(183,'广东联通(手机)',30,29.68,'元',101,1,12,44,99,3,1,1,0),
	(184,'山西联通(手机)',30,29.68,'元',101,1,12,14,99,3,1,1,0),
	(185,'青海联通(手机)',30,29.68,'元',101,1,12,63,99,3,1,1,0),
	(186,'甘肃联通(手机)',30,29.68,'元',101,1,12,62,99,3,1,1,0),
	(187,'陕西联通(手机)',30,29.68,'元',101,1,12,61,99,3,1,1,0),
	(188,'西藏联通(手机)',30,29.68,'元',101,1,12,54,99,3,1,1,0),
	(189,'云南联通(手机)',30,29.68,'元',101,1,12,53,99,3,1,1,0),
	(190,'贵州联通(手机)',30,29.68,'元',101,1,12,52,99,3,1,1,0),
	(191,'广西联通(手机)',30,29.68,'元',101,1,12,45,99,3,1,1,0),
	(192,'湖南联通(手机)',30,29.68,'元',101,1,12,43,99,3,1,1,0),
	(193,'福建联通(手机)',30,29.68,'元',101,1,12,35,99,3,1,1,0),
	(194,'新疆电信(手机)',30,29.95,'元',102,1,12,65,99,3,1,1,0),
	(195,'宁夏电信(手机)',30,29.95,'元',102,1,12,64,99,3,1,1,0),
	(196,'青海电信(手机)',30,29.95,'元',102,1,12,63,99,3,1,1,0),
	(197,'甘肃电信(手机)',30,29.95,'元',102,1,12,62,99,3,1,1,0),
	(198,'西藏电信(手机)',30,29.95,'元',102,1,12,54,99,3,1,1,0),
	(199,'贵州电信(手机)',30,29.95,'元',102,1,12,52,99,3,1,1,0),
	(200,'陕西电信(手机)',30,29.95,'元',102,1,12,61,99,3,1,1,0),
	(201,'云南电信(手机)',30,29.95,'元',102,1,12,53,99,3,1,1,0),
	(202,'广东电信(手机)',30,29.95,'元',102,1,12,44,99,3,1,1,0),
	(203,'四川电信(手机)',30,29.95,'元',102,1,12,51,99,3,1,1,0),
	(204,'海南电信(手机)',30,29.95,'元',102,1,12,46,99,3,1,1,0),
	(205,'广西电信(手机)',30,29.95,'元',102,1,12,45,99,3,1,1,0),
	(206,'湖南电信(手机)',30,29.95,'元',102,1,12,43,99,3,1,1,0),
	(207,'湖北电信(手机)',30,29.95,'元',102,1,12,42,99,3,1,1,0),
	(208,'河南电信(手机)',30,29.95,'元',102,1,12,41,99,3,1,1,0),
	(209,'山东电信(手机)',30,29.95,'元',102,1,12,37,99,3,1,1,0),
	(210,'江西电信(手机)',30,29.95,'元',102,1,12,36,99,3,1,1,0),
	(211,'福建电信(手机)',30,29.95,'元',102,1,12,35,99,3,1,1,0),
	(212,'安徽电信(手机)',30,29.95,'元',102,1,12,34,99,3,1,1,0),
	(213,'黑龙江电信(手机)',30,29.95,'元',102,1,12,23,99,3,1,1,0),
	(214,'吉林电信(手机)',30,29.95,'元',102,1,12,22,99,3,1,1,0),
	(215,'内蒙古电信(手机)',30,29.95,'元',102,1,12,15,99,3,1,1,0),
	(216,'浙江电信(手机)',30,29.95,'元',102,1,12,33,99,3,1,1,0),
	(217,'江苏电信(手机)',30,29.95,'元',102,1,12,32,99,3,1,1,0),
	(218,'天津电信(手机)',30,29.95,'元',102,1,12,12,99,3,1,1,0),
	(219,'山西电信(手机)',30,29.95,'元',102,1,12,14,99,3,1,1,0),
	(220,'河北电信(手机)',30,29.95,'元',102,1,12,13,99,3,1,1,0),
	(221,'重庆电信(手机)',30,29.95,'元',102,1,12,50,99,3,1,1,0),
	(222,'上海电信(手机)',30,29.95,'元',102,1,12,31,99,3,1,1,0),
	(223,'新疆联通(手机)',30,29.68,'元',101,1,12,65,99,3,1,1,0),
	(224,'宁夏联通(手机)',30,29.68,'元',101,1,12,64,99,3,1,1,0),
	(225,'安徽联通(手机)',30,29.68,'元',101,1,12,34,99,3,1,1,0),
	(226,'浙江联通(手机)',30,29.68,'元',101,1,12,33,99,3,1,1,0),
	(227,'江苏联通(手机)',30,29.68,'元',101,1,12,32,99,3,1,1,0),
	(228,'上海联通(手机)',30,29.68,'元',101,1,12,31,99,3,1,1,0),
	(229,'北京联通(手机)',30,29.68,'元',101,1,12,11,99,3,1,1,0),
	(230,'北京电信(手机)',30,29.95,'元',102,1,12,11,99,3,1,1,0),
	(231,'海南联通(手机)',30,29.68,'元',101,1,12,46,99,3,1,1,0),
	(232,'山东联通(手机)',30,29.68,'元',101,1,12,37,99,3,1,1,0),
	(233,'黑龙江联通(手机)',30,29.68,'元',101,1,12,23,99,3,1,1,0),
	(234,'吉林联通(手机)',30,29.68,'元',101,1,12,22,99,3,1,1,0),
	(235,'辽宁联通(手机)',30,29.68,'元',101,1,12,21,99,3,1,1,0),
	(236,'内蒙古联通(手机)',30,29.68,'元',101,1,12,15,99,3,1,1,0),
	(237,'河北联通(手机)',30,29.68,'元',101,1,12,13,99,3,1,1,0),
	(238,'重庆联通(手机)',30,29.68,'元',101,1,12,50,99,3,1,1,0),
	(239,'天津联通(手机)',30,29.68,'元',101,1,12,12,99,3,1,1,0),
	(240,'辽宁电信(手机)',30,29.95,'元',102,1,12,21,99,3,1,1,0),
	(241,'河南联通(手机)',30,29.68,'元',101,1,12,41,99,3,1,1,0),
	(242,'湖北联通(手机)',30,29.68,'元',101,1,12,42,99,3,1,1,0),
	(243,'北京联通(手机)',50,49.38,'元',101,1,12,11,99,3,1,1,0),
	(244,'陕西联通(手机)',50,49.38,'元',101,1,12,61,99,3,1,1,0),
	(245,'山西联通(手机)',50,49.38,'元',101,1,12,14,99,3,1,1,0),
	(246,'浙江联通(手机)',50,49.38,'元',101,1,12,33,99,3,1,1,0),
	(247,'江苏联通(手机)',50,49.38,'元',101,1,12,32,99,3,1,1,0),
	(248,'广西联通(手机)',50,49.38,'元',101,1,12,45,99,3,1,1,0),
	(249,'西藏联通(手机)',50,49.38,'元',101,1,12,54,99,3,1,1,0),
	(250,'新疆联通(手机)',50,49.38,'元',101,1,12,65,99,3,1,1,0),
	(251,'湖北联通(手机)',50,49.38,'元',101,1,12,42,99,3,1,1,0),
	(252,'贵州联通(手机)',50,49.38,'元',101,1,12,52,99,3,1,1,0),
	(253,'广东联通(手机)',50,49.38,'元',101,1,12,44,99,3,1,1,0),
	(254,'安徽联通(手机)',50,49.38,'元',101,1,12,34,99,3,1,1,0),
	(255,'福建联通(手机)',50,49.38,'元',101,1,12,35,99,3,1,1,0),
	(256,'宁夏联通(手机)',50,49.38,'元',101,1,12,64,99,3,1,1,0),
	(257,'辽宁联通(手机)',50,49.38,'元',101,1,12,21,99,3,1,1,0),
	(258,'新疆电信(手机)',50,49.35,'元',102,1,12,65,99,3,1,1,0),
	(259,'宁夏电信(手机)',50,49.35,'元',102,1,12,64,99,3,1,1,0),
	(260,'青海电信(手机)',50,49.35,'元',102,1,12,63,99,3,1,1,0),
	(261,'甘肃电信(手机)',50,49.35,'元',102,1,12,62,99,3,1,1,0),
	(262,'西藏电信(手机)',50,49.35,'元',102,1,12,54,99,3,1,1,0),
	(263,'贵州电信(手机)',50,49.35,'元',102,1,12,52,99,3,1,1,0),
	(264,'陕西电信(手机)',50,49.35,'元',102,1,12,61,99,3,1,1,0),
	(265,'云南电信(手机)',50,49.35,'元',102,1,12,53,99,3,1,1,0),
	(266,'广东电信(手机)',50,49.35,'元',102,1,12,44,99,3,1,1,0),
	(267,'四川电信(手机)',50,49.35,'元',102,1,12,51,99,3,1,1,0),
	(268,'海南电信(手机)',50,49.35,'元',102,1,12,46,99,3,1,1,0),
	(269,'广西电信(手机)',50,49.35,'元',102,1,12,45,99,3,1,1,0),
	(270,'湖南电信(手机)',50,49.35,'元',102,1,12,43,99,3,1,1,0),
	(271,'湖北电信(手机)',50,49.35,'元',102,1,12,42,99,3,1,1,0),
	(272,'河南电信(手机)',50,49.35,'元',102,1,12,41,99,3,1,1,0),
	(273,'山东电信(手机)',50,49.35,'元',102,1,12,37,99,3,1,1,0),
	(274,'江西电信(手机)',50,49.35,'元',102,1,12,36,99,3,1,1,0),
	(275,'福建电信(手机)',50,49.35,'元',102,1,12,35,99,3,1,1,0),
	(276,'安徽电信(手机)',50,49.35,'元',102,1,12,34,99,3,1,1,0),
	(277,'黑龙江电信(手机)',50,49.35,'元',102,1,12,23,99,3,1,1,0),
	(278,'吉林电信(手机)',50,49.35,'元',102,1,12,22,99,3,1,1,0),
	(279,'内蒙古电信(手机)',50,49.35,'元',102,1,12,15,99,3,1,1,0),
	(280,'浙江电信(手机)',50,49.35,'元',102,1,12,33,99,3,1,1,0),
	(281,'江苏电信(手机)',50,49.35,'元',102,1,12,32,99,3,1,1,0),
	(282,'天津电信(手机)',50,49.35,'元',102,1,12,12,99,3,1,1,0),
	(283,'山西电信(手机)',50,49.35,'元',102,1,12,14,99,3,1,1,0),
	(284,'河北电信(手机)',50,49.35,'元',102,1,12,13,99,3,1,1,0),
	(285,'重庆电信(手机)',50,49.35,'元',102,1,12,50,99,3,1,1,0),
	(286,'上海电信(手机)',50,49.35,'元',102,1,12,31,99,3,1,1,0),
	(287,'北京电信(手机)',50,49.35,'元',102,1,12,11,99,3,1,1,0),
	(288,'辽宁电信(手机)',50,49.35,'元',102,1,12,21,99,3,1,1,0),
	(289,'海南联通(手机)',50,49.38,'元',101,1,12,46,99,3,1,1,0),
	(290,'河南联通(手机)',50,49.38,'元',101,1,12,41,99,3,1,1,0),
	(291,'吉林联通(手机)',50,49.38,'元',101,1,12,22,99,3,1,1,0),
	(292,'重庆联通(手机)',50,49.38,'元',101,1,12,50,99,3,1,1,0),
	(293,'上海联通(手机)',50,49.38,'元',101,1,12,31,99,3,1,1,0),
	(294,'湖南联通(手机)',50,49.38,'元',101,1,12,43,99,3,1,1,0),
	(295,'黑龙江联通(手机)',50,49.38,'元',101,1,12,23,99,3,1,1,0),
	(296,'河北联通(手机)',50,49.38,'元',101,1,12,13,99,3,1,1,0),
	(297,'青海联通(手机)',50,49.38,'元',101,1,12,63,99,3,1,1,0),
	(298,'甘肃联通(手机)',50,49.38,'元',101,1,12,62,99,3,1,1,0),
	(299,'云南联通(手机)',50,49.38,'元',101,1,12,53,99,3,1,1,0),
	(300,'四川联通(手机)',50,49.38,'元',101,1,12,51,99,3,1,1,0),
	(301,'天津联通(手机)',50,49.38,'元',101,1,12,12,99,3,1,1,0),
	(302,'内蒙古联通(手机)',50,49.38,'元',101,1,12,15,99,3,1,1,0),
	(303,'山东联通(手机)',50,49.38,'元',101,1,12,37,99,3,1,1,0),
	(304,'江西联通(手机)',50,49.38,'元',101,1,12,36,99,3,1,1,0),
	(305,'北京联通(手机)',100,98.67,'元',101,1,12,11,99,3,1,1,0),
	(306,'陕西联通(手机)',100,98.67,'元',101,1,12,61,99,3,1,1,0),
	(307,'浙江联通(手机)',100,98.67,'元',101,1,12,33,99,3,1,1,0),
	(308,'新疆联通(手机)',100,98.67,'元',101,1,12,65,99,3,1,1,0),
	(309,'新疆电信(手机)',100,98.7,'元',102,1,12,65,99,3,1,1,0),
	(310,'宁夏电信(手机)',100,98.7,'元',102,1,12,64,99,3,1,1,0),
	(311,'青海电信(手机)',100,98.7,'元',102,1,12,63,99,3,1,1,0),
	(312,'甘肃电信(手机)',100,98.7,'元',102,1,12,62,99,3,1,1,0),
	(313,'西藏电信(手机)',100,98.7,'元',102,1,12,54,99,3,1,1,0),
	(314,'贵州电信(手机)',100,98.7,'元',102,1,12,52,99,3,1,1,0),
	(315,'陕西电信(手机)',100,98.7,'元',102,1,12,61,99,3,1,1,0),
	(316,'云南电信(手机)',100,98.7,'元',102,1,12,53,99,3,1,1,0),
	(317,'广东电信(手机)',100,98.7,'元',102,1,12,44,99,3,1,1,0),
	(318,'四川电信(手机)',100,98.7,'元',102,1,12,51,99,3,1,1,0),
	(319,'海南电信(手机)',100,98.7,'元',102,1,12,46,99,3,1,1,0),
	(320,'广西电信(手机)',100,98.7,'元',102,1,12,45,99,3,1,1,0),
	(321,'湖南电信(手机)',100,98.7,'元',102,1,12,43,99,3,1,1,0),
	(322,'湖北电信(手机)',100,98.7,'元',102,1,12,42,99,3,1,1,0),
	(323,'河南电信(手机)',100,98.7,'元',102,1,12,41,99,3,1,1,0),
	(324,'山东电信(手机)',100,98.7,'元',102,1,12,37,99,3,1,1,0),
	(325,'江西电信(手机)',100,98.7,'元',102,1,12,36,99,3,1,1,0),
	(326,'福建电信(手机)',100,98.7,'元',102,1,12,35,99,3,1,1,0),
	(327,'安徽电信(手机)',100,98.7,'元',102,1,12,34,99,3,1,1,0),
	(328,'黑龙江电信(手机)',100,98.7,'元',102,1,12,23,99,3,1,1,0),
	(329,'吉林电信(手机)',100,98.7,'元',102,1,12,22,99,3,1,1,0),
	(330,'内蒙古电信(手机)',100,98.7,'元',102,1,12,15,99,3,1,1,0),
	(331,'浙江电信(手机)',100,98.7,'元',102,1,12,33,99,3,1,1,0),
	(332,'江苏电信(手机)',100,98.7,'元',102,1,12,32,99,3,1,1,0),
	(333,'天津电信(手机)',100,98.7,'元',102,1,12,12,99,3,1,1,0),
	(334,'山西电信(手机)',100,98.7,'元',102,1,12,14,99,3,1,1,0),
	(335,'河北电信(手机)',100,98.7,'元',102,1,12,13,99,3,1,1,0),
	(336,'重庆电信(手机)',100,98.7,'元',102,1,12,50,99,3,1,1,0),
	(337,'北京电信(手机)',100,98.7,'元',102,1,12,11,99,3,1,1,0),
	(338,'上海电信(手机)',100,98.7,'元',102,1,12,31,99,3,1,1,0),
	(339,'辽宁电信(手机)',100,98.7,'元',102,1,12,21,99,3,1,1,0),
	(340,'湖北联通(手机)',100,98.67,'元',101,1,12,42,99,3,1,1,0),
	(341,'贵州联通(手机)',100,98.67,'元',101,1,12,52,99,3,1,1,0),
	(342,'广东联通(手机)',100,98.67,'元',101,1,12,44,99,3,1,1,0),
	(343,'安徽联通(手机)',100,98.67,'元',101,1,12,34,99,3,1,1,0),
	(344,'福建联通(手机)',100,98.67,'元',101,1,12,35,99,3,1,1,0),
	(345,'宁夏联通(手机)',100,98.67,'元',101,1,12,64,99,3,1,1,0),
	(346,'辽宁联通(手机)',100,98.67,'元',101,1,12,21,99,3,1,1,0),
	(347,'四川联通(手机)',100,98.67,'元',101,1,12,51,99,3,1,1,0),
	(348,'河南联通(手机)',100,98.67,'元',101,1,12,41,99,3,1,1,0),
	(349,'吉林联通(手机)',100,98.67,'元',101,1,12,22,99,3,1,1,0),
	(350,'重庆联通(手机)',100,98.67,'元',101,1,12,50,99,3,1,1,0),
	(351,'上海联通(手机)',100,98.67,'元',101,1,12,31,99,3,1,1,0),
	(352,'湖南联通(手机)',100,98.67,'元',101,1,12,43,99,3,1,1,0),
	(353,'黑龙江联通(手机)',100,98.67,'元',101,1,12,23,99,3,1,1,0),
	(354,'河北联通(手机)',100,98.67,'元',101,1,12,13,99,3,1,1,0),
	(355,'青海联通(手机)',100,98.67,'元',101,1,12,63,99,3,1,1,0),
	(356,'西藏联通(手机)',100,98.67,'元',101,1,12,54,99,3,1,1,0),
	(357,'甘肃联通(手机)',100,98.67,'元',101,1,12,62,99,3,1,1,0),
	(358,'云南联通(手机)',100,98.67,'元',101,1,12,53,99,3,1,1,0),
	(359,'海南联通(手机)',100,98.67,'元',101,1,12,46,99,3,1,1,0),
	(360,'天津联通(手机)',100,98.67,'元',101,1,12,12,99,3,1,1,0),
	(361,'内蒙古联通(手机)',100,98.67,'元',101,1,12,15,99,3,1,1,0),
	(362,'山东联通(手机)',100,98.67,'元',101,1,12,37,99,3,1,1,0),
	(363,'广西联通(手机)',100,98.67,'元',101,1,12,45,99,3,1,1,0),
	(364,'江苏联通(手机)',100,98.67,'元',101,1,12,32,99,3,1,1,0),
	(365,'山西联通(手机)',100,98.67,'元',101,1,12,14,99,3,1,1,0),
	(366,'江西联通(手机)',100,98.67,'元',101,1,12,36,99,3,1,1,0),
	(369,'移动小面额',2,2,'元',100,1,3,0,99,1,1,1000,0),
	(370,'移动小面额',3,3,'元',100,1,3,0,99,1,1,1000,0),
	(371,'移动小面额',4,4,'元',100,1,3,0,99,1,1,1000,0),
	(372,'移动小面额',6,6,'元',100,1,3,0,99,1,1,1000,0),
	(373,'移动小面额',7,7,'元',100,1,3,0,99,1,1,1000,0),
	(374,'移动小面额',8,8,'元',100,1,3,0,99,1,1,1000,0),
	(375,'移动小面额',9,9,'元',100,1,3,0,99,1,1,1000,0),
	(376,'上海移动(手机)',30,30,'元',100,1,11,31,99,2,1,1,0),
	(377,'上海移动(手机)',50,49.68,'元',100,1,11,31,99,2,1,1,0),
	(378,'上海移动(手机)',100,99.3,'元',100,1,11,31,99,2,1,1,0),
	(379,'北京移动(手机)',30,30,'元',100,1,11,11,99,2,1,1,0),
	(380,'北京移动(手机)',50,49.68,'元',100,1,11,11,99,2,1,1,0),
	(381,'北京移动(手机)',100,99.3,'元',100,1,11,11,99,2,1,1,0),
	(382,'广东移动(手机)',30,30,'元',100,1,11,44,99,2,1,1,0),
	(383,'广东移动(手机)',50,49.68,'元',100,1,11,44,99,2,1,1,0),
	(384,'广东移动(手机)',100,99.3,'元',100,1,11,44,99,2,1,1,0),
	(385,'江苏移动(手机)',30,30,'元',100,1,11,32,99,2,1,1,0),
	(386,'江苏移动(手机)',50,49.68,'元',100,1,11,32,99,2,1,1,0),
	(387,'江苏移动(手机)',100,99.3,'元',100,1,11,32,99,2,1,1,0),
	(388,'浙江移动(手机)',30,30,'元',100,1,11,33,99,2,1,1,0),
	(389,'浙江移动(手机)',50,49.68,'元',100,1,11,33,99,2,1,1,0),
	(390,'浙江移动(手机)',100,99.3,'元',100,1,11,33,99,2,1,1,0),
	(391,'湖北移动(手机)',30,30,'元',100,1,11,42,99,2,1,1,0),
	(392,'湖北移动(手机)',50,49.68,'元',100,1,11,42,99,2,1,1,0),
	(393,'湖北移动(手机)',100,99.3,'元',100,1,11,42,99,2,1,1,0),
	(394,'山东移动(手机)',30,30,'元',100,1,11,37,99,2,1,1,0),
	(395,'山东移动(手机)',50,49.68,'元',100,1,11,37,99,2,1,1,0),
	(396,'山东移动(手机)',100,99.3,'元',100,1,11,37,99,2,1,1,0),
	(397,'四川移动(手机)',30,30,'元',100,1,11,51,99,2,1,1,0),
	(398,'四川移动(手机)',50,49.68,'元',100,1,11,51,99,2,1,1,0),
	(399,'四川移动(手机)',100,99.3,'元',100,1,11,51,99,2,1,1,0),
	(400,'福建移动(手机)',30,30,'元',100,1,11,35,99,2,1,1,0),
	(401,'福建移动(手机)',50,49.68,'元',100,1,11,35,99,2,1,1,0),
	(402,'福建移动(手机)',100,99.3,'元',100,1,11,35,99,2,1,1,0),
	(403,'河南移动(手机)',30,30,'元',100,1,11,41,99,2,1,1,0),
	(404,'河南移动(手机)',50,49.68,'元',100,1,11,41,99,2,1,1,0),
	(405,'河南移动(手机)',100,99.3,'元',100,1,11,41,99,2,1,1,0),
	(406,'湖南移动(手机)',30,30,'元',100,1,11,43,99,2,1,1,0),
	(407,'湖南移动(手机)',50,49.68,'元',100,1,11,43,99,2,1,1,0),
	(408,'湖南移动(手机)',100,99.3,'元',100,1,11,43,99,2,1,1,0),
	(409,'陕西移动(手机)',30,30,'元',100,1,11,61,99,2,1,1,0),
	(410,'陕西移动(手机)',50,49.68,'元',100,1,11,61,99,2,1,1,0),
	(411,'陕西移动(手机)',100,99.3,'元',100,1,11,61,99,2,1,1,0),
	(412,'河北移动(手机)',30,30,'元',100,1,11,13,99,2,1,1,0),
	(413,'河北移动(手机)',50,49.68,'元',100,1,11,13,99,2,1,1,0),
	(414,'河北移动(手机)',100,99.3,'元',100,1,11,13,99,2,1,1,0),
	(415,'辽宁移动(手机)',30,30,'元',100,1,11,21,99,2,1,1,0),
	(416,'辽宁移动(手机)',50,49.68,'元',100,1,11,21,99,2,1,1,0),
	(417,'辽宁移动(手机)',100,99.3,'元',100,1,11,21,99,2,1,1,0),
	(418,'安徽移动(手机)',30,30,'元',100,1,11,34,99,2,1,1,0),
	(419,'安徽移动(手机)',50,49.68,'元',100,1,11,34,99,2,1,1,0),
	(420,'安徽移动(手机)',100,99.3,'元',100,1,11,34,99,2,1,1,0),
	(421,'广西移动(手机)',30,30,'元',100,1,11,45,99,2,1,1,0),
	(422,'广西移动(手机)',50,49.68,'元',100,1,11,45,99,2,1,1,0),
	(423,'广西移动(手机)',100,99.3,'元',100,1,11,45,99,2,1,1,0),
	(424,'重庆移动(手机)',30,30,'元',100,1,11,50,99,2,1,1,0),
	(425,'重庆移动(手机)',50,49.68,'元',100,1,11,50,99,2,1,1,0),
	(426,'重庆移动(手机)',100,99.3,'元',100,1,11,50,99,2,1,1,0),
	(427,'江西移动(手机)',30,30,'元',100,1,11,36,99,2,1,1,0),
	(428,'江西移动(手机)',50,49.68,'元',100,1,11,36,99,2,1,1,0),
	(429,'江西移动(手机)',100,99.3,'元',100,1,11,36,99,2,1,1,0),
	(430,'天津移动(手机)',30,30,'元',100,1,11,12,99,2,1,1,0),
	(431,'天津移动(手机)',50,49.68,'元',100,1,11,12,99,2,1,1,0),
	(432,'天津移动(手机)',100,99.3,'元',100,1,11,12,99,2,1,1,0),
	(433,'云南移动(手机)',30,30,'元',100,1,11,53,99,2,1,1,0),
	(434,'云南移动(手机)',50,49.68,'元',100,1,11,53,99,2,1,1,0),
	(435,'云南移动(手机)',100,99.3,'元',100,1,11,53,99,2,1,1,0),
	(436,'黑龙江移动(手机)',30,30,'元',100,1,11,23,99,2,1,1,0),
	(437,'黑龙江移动(手机)',50,49.68,'元',100,1,11,23,99,2,1,1,0),
	(438,'黑龙江移动(手机)',100,99.3,'元',100,1,11,23,99,2,1,1,0),
	(439,'山西移动(手机)',30,30,'元',100,1,11,14,99,2,1,1,0),
	(440,'山西移动(手机)',50,49.68,'元',100,1,11,14,99,2,1,1,0),
	(441,'山西移动(手机)',100,99.3,'元',100,1,11,14,99,2,1,1,0),
	(442,'吉林移动(手机)',30,30,'元',100,1,11,22,99,2,1,1,0),
	(443,'吉林移动(手机)',50,49.68,'元',100,1,11,22,99,2,1,1,0),
	(444,'吉林移动(手机)',100,99.3,'元',100,1,11,22,99,2,1,1,0),
	(445,'贵州移动(手机)',30,30,'元',100,1,11,52,99,2,1,1,0),
	(446,'贵州移动(手机)',50,49.68,'元',100,1,11,52,99,2,1,1,0),
	(447,'贵州移动(手机)',100,99.3,'元',100,1,11,52,99,2,1,1,0),
	(448,'内蒙古移动(手机)',30,30,'元',100,1,11,15,99,2,1,1,0),
	(449,'内蒙古移动(手机)',50,49.68,'元',100,1,11,15,99,2,1,1,0),
	(450,'内蒙古移动(手机)',100,99.3,'元',100,1,11,15,99,2,1,1,0),
	(451,'新疆移动(手机)',30,30,'元',100,1,11,65,99,2,1,1,0),
	(452,'新疆移动(手机)',50,49.68,'元',100,1,11,65,99,2,1,1,0),
	(453,'新疆移动(手机)',100,99.3,'元',100,1,11,65,99,2,1,1,0),
	(454,'海南移动(手机)',30,30,'元',100,1,11,46,99,2,1,1,0),
	(455,'海南移动(手机)',50,49.68,'元',100,1,11,46,99,2,1,1,0),
	(456,'海南移动(手机)',100,99.3,'元',100,1,11,46,99,2,1,1,0),
	(457,'宁夏移动(手机)',30,30,'元',100,1,11,64,99,2,1,1,0),
	(458,'宁夏移动(手机)',50,49.68,'元',100,1,11,64,99,2,1,1,0),
	(459,'宁夏移动(手机)',100,99.3,'元',100,1,11,64,99,2,1,1,0),
	(460,'青海移动(手机)',30,30,'元',100,1,11,63,99,2,1,1,0),
	(461,'青海移动(手机)',50,49.68,'元',100,1,11,63,99,2,1,1,0),
	(462,'青海移动(手机)',100,99.3,'元',100,1,11,63,99,2,1,1,0),
	(463,'西藏移动(手机)',30,30,'元',100,1,11,54,99,2,1,1,0),
	(464,'西藏移动(手机)',50,49.68,'元',100,1,11,54,99,2,1,1,0),
	(465,'西藏移动(手机)',100,99.3,'元',100,1,11,54,99,2,1,1,0),
	(466,'甘肃移动(手机)',30,30,'元',100,1,11,62,99,2,1,1,0),
	(467,'甘肃移动(手机)',50,49.68,'元',100,1,11,62,99,2,1,1,0),
	(468,'甘肃移动(手机)',100,99.3,'元',100,1,11,62,99,2,1,1,0),
	(469,'上海联通(手机)',30,29.7,'元',101,1,11,31,99,2,1,1,0),
	(470,'上海联通(手机)',50,49.37,'元',101,1,11,31,99,2,1,1,0),
	(471,'上海联通(手机)',100,98.66,'元',101,1,11,31,99,2,1,1,0),
	(472,'北京联通(手机)',30,29.7,'元',101,1,11,11,99,2,1,1,0),
	(473,'北京联通(手机)',50,49.37,'元',101,1,11,11,99,2,1,1,0),
	(474,'北京联通(手机)',100,98.66,'元',101,1,11,11,99,2,1,1,0),
	(475,'广东联通(手机)',30,29.7,'元',101,1,11,44,99,2,1,1,0),
	(476,'广东联通(手机)',50,49.37,'元',101,1,11,44,99,2,1,1,0),
	(477,'广东联通(手机)',100,98.66,'元',101,1,11,44,99,2,1,1,0),
	(478,'江苏联通(手机)',30,29.7,'元',101,1,11,32,99,2,1,1,0),
	(479,'江苏联通(手机)',50,49.37,'元',101,1,11,32,99,2,1,1,0),
	(480,'江苏联通(手机)',100,98.66,'元',101,1,11,32,99,2,1,1,0),
	(481,'浙江联通(手机)',30,29.7,'元',101,1,11,33,99,2,1,1,0),
	(482,'浙江联通(手机)',50,49.37,'元',101,1,11,33,99,2,1,1,0),
	(483,'浙江联通(手机)',100,98.66,'元',101,1,11,33,99,2,1,1,0),
	(484,'湖北联通(手机)',30,29.7,'元',101,1,11,42,99,2,1,1,0),
	(485,'湖北联通(手机)',50,49.37,'元',101,1,11,42,99,2,1,1,0),
	(486,'湖北联通(手机)',100,98.66,'元',101,1,11,42,99,2,1,1,0),
	(487,'山东联通(手机)',30,29.7,'元',101,1,11,37,99,2,1,1,0),
	(488,'山东联通(手机)',50,49.37,'元',101,1,11,37,99,2,1,1,0),
	(489,'山东联通(手机)',100,98.66,'元',101,1,11,37,99,2,1,1,0),
	(490,'四川联通(手机)',30,29.7,'元',101,1,11,51,99,2,1,1,0),
	(491,'四川联通(手机)',50,49.37,'元',101,1,11,51,99,2,1,1,0),
	(492,'四川联通(手机)',100,98.66,'元',101,1,11,51,99,2,1,1,0),
	(493,'福建联通(手机)',30,29.7,'元',101,1,11,35,99,2,1,1,0),
	(494,'福建联通(手机)',50,49.37,'元',101,1,11,35,99,2,1,1,0),
	(495,'福建联通(手机)',100,98.66,'元',101,1,11,35,99,2,1,1,0),
	(496,'河南联通(手机)',30,29.7,'元',101,1,11,41,99,2,1,1,0),
	(497,'河南联通(手机)',50,49.37,'元',101,1,11,41,99,2,1,1,0),
	(498,'河南联通(手机)',100,98.66,'元',101,1,11,41,99,2,1,1,0),
	(499,'湖南联通(手机)',30,29.7,'元',101,1,11,43,99,2,1,1,0),
	(500,'湖南联通(手机)',50,49.37,'元',101,1,11,43,99,2,1,1,0),
	(501,'湖南联通(手机)',100,98.66,'元',101,1,11,43,99,2,1,1,0),
	(502,'陕西联通(手机)',30,29.7,'元',101,1,11,61,99,2,1,1,0),
	(503,'陕西联通(手机)',50,49.37,'元',101,1,11,61,99,2,1,1,0),
	(504,'陕西联通(手机)',100,98.66,'元',101,1,11,61,99,2,1,1,0),
	(505,'河北联通(手机)',30,29.7,'元',101,1,11,13,99,2,1,1,0),
	(506,'河北联通(手机)',50,49.37,'元',101,1,11,13,99,2,1,1,0),
	(507,'河北联通(手机)',100,98.66,'元',101,1,11,13,99,2,1,1,0),
	(508,'辽宁联通(手机)',30,29.7,'元',101,1,11,21,99,2,1,1,0),
	(509,'辽宁联通(手机)',50,49.37,'元',101,1,11,21,99,2,1,1,0),
	(510,'辽宁联通(手机)',100,98.66,'元',101,1,11,21,99,2,1,1,0),
	(511,'安徽联通(手机)',30,29.7,'元',101,1,11,34,99,2,1,1,0),
	(512,'安徽联通(手机)',50,49.37,'元',101,1,11,34,99,2,1,1,0),
	(513,'安徽联通(手机)',100,98.66,'元',101,1,11,34,99,2,1,1,0),
	(514,'广西联通(手机)',30,29.7,'元',101,1,11,45,99,2,1,1,0),
	(515,'广西联通(手机)',50,49.37,'元',101,1,11,45,99,2,1,1,0),
	(516,'广西联通(手机)',100,98.66,'元',101,1,11,45,99,2,1,1,0),
	(517,'重庆联通(手机)',30,29.7,'元',101,1,11,50,99,2,1,1,0),
	(518,'重庆联通(手机)',50,49.37,'元',101,1,11,50,99,2,1,1,0),
	(519,'重庆联通(手机)',100,98.66,'元',101,1,11,50,99,2,1,1,0),
	(520,'江西联通(手机)',30,29.7,'元',101,1,11,36,99,2,1,1,0),
	(521,'江西联通(手机)',50,49.37,'元',101,1,11,36,99,2,1,1,0),
	(522,'江西联通(手机)',100,98.66,'元',101,1,11,36,99,2,1,1,0),
	(523,'天津联通(手机)',30,29.7,'元',101,1,11,12,99,2,1,1,0),
	(524,'天津联通(手机)',50,49.37,'元',101,1,11,12,99,2,1,1,0),
	(525,'天津联通(手机)',100,98.66,'元',101,1,11,12,99,2,1,1,0),
	(526,'云南联通(手机)',30,29.7,'元',101,1,11,53,99,2,1,1,0),
	(527,'云南联通(手机)',50,49.37,'元',101,1,11,53,99,2,1,1,0),
	(528,'云南联通(手机)',100,98.66,'元',101,1,11,53,99,2,1,1,0),
	(529,'黑龙江联通(手机)',30,29.7,'元',101,1,11,23,99,2,1,1,0),
	(530,'黑龙江联通(手机)',50,49.37,'元',101,1,11,23,99,2,1,1,0),
	(531,'黑龙江联通(手机)',100,98.66,'元',101,1,11,23,99,2,1,1,0),
	(532,'山西联通(手机)',30,29.7,'元',101,1,11,14,99,2,1,1,0),
	(533,'山西联通(手机)',50,49.37,'元',101,1,11,14,99,2,1,1,0),
	(534,'山西联通(手机)',100,98.66,'元',101,1,11,14,99,2,1,1,0),
	(535,'吉林联通(手机)',30,29.7,'元',101,1,11,22,99,2,1,1,0),
	(536,'吉林联通(手机)',50,49.37,'元',101,1,11,22,99,2,1,1,0),
	(537,'吉林联通(手机)',100,98.66,'元',101,1,11,22,99,2,1,1,0),
	(538,'贵州联通(手机)',30,29.7,'元',101,1,11,52,99,2,1,1,0),
	(539,'贵州联通(手机)',50,49.37,'元',101,1,11,52,99,2,1,1,0),
	(540,'贵州联通(手机)',100,98.66,'元',101,1,11,52,99,2,1,1,0),
	(541,'内蒙古联通(手机)',30,29.7,'元',101,1,11,15,99,2,1,1,0),
	(542,'内蒙古联通(手机)',50,49.37,'元',101,1,11,15,99,2,1,1,0),
	(543,'内蒙古联通(手机)',100,98.66,'元',101,1,11,15,99,2,1,1,0),
	(544,'新疆联通(手机)',30,29.7,'元',101,1,11,65,99,2,1,1,0),
	(545,'新疆联通(手机)',50,49.37,'元',101,1,11,65,99,2,1,1,0),
	(546,'新疆联通(手机)',100,98.66,'元',101,1,11,65,99,2,1,1,0),
	(547,'海南联通(手机)',30,29.7,'元',101,1,11,46,99,2,1,1,0),
	(548,'海南联通(手机)',50,49.37,'元',101,1,11,46,99,2,1,1,0),
	(549,'海南联通(手机)',100,98.66,'元',101,1,11,46,99,2,1,1,0),
	(550,'宁夏联通(手机)',30,29.7,'元',101,1,11,64,99,2,1,1,0),
	(551,'宁夏联通(手机)',50,49.37,'元',101,1,11,64,99,2,1,1,0),
	(552,'宁夏联通(手机)',100,98.66,'元',101,1,11,64,99,2,1,1,0),
	(553,'青海联通(手机)',30,29.7,'元',101,1,11,63,99,2,1,1,0),
	(554,'青海联通(手机)',50,49.37,'元',101,1,11,63,99,2,1,1,0),
	(555,'青海联通(手机)',100,98.66,'元',101,1,11,63,99,2,1,1,0),
	(556,'西藏联通(手机)',30,29.7,'元',101,1,11,54,99,2,1,1,0),
	(557,'西藏联通(手机)',50,49.37,'元',101,1,11,54,99,2,1,1,0),
	(558,'西藏联通(手机)',100,98.66,'元',101,1,11,54,99,2,1,1,0),
	(559,'甘肃联通(手机)',30,29.7,'元',101,1,11,62,99,2,1,1,0),
	(560,'甘肃联通(手机)',50,49.37,'元',101,1,11,62,99,2,1,1,0),
	(561,'甘肃联通(手机)',100,98.66,'元',101,1,11,62,99,2,1,1,0),
	(811,'四川联通(手机)',30,29.68,'元',101,1,12,51,99,3,1,1,0),
	(953,'热血江湖',1,0.936,'元',300,3,11,0,0,12,1,1000,0),
	(954,'神泣',1,0.935,'元',300,3,11,0,0,13,1,1000,0),
	(955,'特种部队',1,0.935,'元',300,3,11,0,99,16,1,1000,0),
	(956,'蜀门Online',10,9.33,'元',300,3,11,0,99,15,1,1000,0),
	(959,'三国无双',1500,13.8,'点',300,3,11,0,99,14,1,1000,0),
	(963,'西藏移动',10,9.95,'元',100,1,3,54,99,1,1,1000,0),
	(965,'上海移动',10,10,'元',100,1,3,31,99,1,1,1000,0),
	(966,'天津移动',10,10,'元',100,1,3,12,99,1,1,1000,0),
	(968,'重庆移动',10,10,'元',100,1,3,50,99,1,1,1000,0),
	(969,'黑龙江移动',10,10,'元',100,1,3,23,99,1,1,1000,0),
	(970,'内蒙古移动',10,10,'元',100,1,3,15,99,1,1,1000,0),
	(971,'江苏移动',10,10,'元',100,1,3,32,99,1,1,1000,0),
	(972,'浙江移动',10,9.98,'元',100,1,3,33,99,1,1,1000,0),
	(973,'安徽移动',10,9.98,'元',100,1,3,34,99,1,1,1000,0),
	(974,'福建移动',10,10,'元',100,1,3,35,99,1,1,1000,0),
	(975,'江西移动',10,10,'元',100,1,3,36,99,1,1,1000,0),
	(976,'山东移动',10,10,'元',100,1,3,37,99,1,1,1000,0),
	(977,'河南移动',10,9.95,'元',100,1,3,41,99,1,1,1000,0),
	(978,'湖北移动',10,10,'元',100,1,3,42,99,1,1,1000,0),
	(979,'湖南移动',10,9.95,'元',100,1,3,43,99,1,1,1000,0),
	(980,'广西移动',10,9.98,'元',100,1,3,45,99,1,1,1000,0),
	(981,'海南移动',10,9.95,'元',100,1,3,46,99,1,1,1000,0),
	(982,'四川移动',10,10,'元',100,1,3,51,99,1,1,1000,0),
	(983,'贵州移动',10,9.95,'元',100,1,3,52,99,1,1,1000,0),
	(984,'云南移动',10,10,'元',100,1,3,53,99,1,1,1000,0),
	(986,'陕西移动',10,10,'元',100,1,3,61,99,1,1,1000,0),
	(987,'甘肃移动',10,10,'元',100,1,3,62,99,1,1,1000,0),
	(988,'青海移动',10,9.95,'元',100,1,3,63,99,1,1,1000,0),
	(989,'宁夏移动',10,9.95,'元',100,1,3,64,99,1,1,1000,0),
	(990,'新疆移动',10,10,'元',100,1,3,65,99,1,1,1000,0),
	(991,'河北移动',10,10,'元',100,1,3,13,99,1,1,1000,0),
	(992,'山西移动',10,10,'元',100,1,3,14,99,1,1,1000,0),
	(993,'辽宁移动',10,10,'元',100,1,3,21,99,1,1,1000,0),
	(994,'吉林移动',10,10,'元',100,1,3,22,99,1,1,1000,0),
	(995,'吉林移动',20,20,'元',100,1,3,22,99,1,1,1000,0),
	(996,'辽宁移动',20,20,'元',100,1,3,21,99,1,1,1000,0),
	(997,'山西移动',20,20,'元',100,1,3,14,99,1,1,1000,0),
	(998,'河北移动',20,20,'元',100,1,3,13,99,1,1,1000,0),
	(999,'新疆移动',20,20,'元',100,1,3,65,99,1,1,1000,0),
	(1000,'宁夏移动',20,19.95,'元',100,1,3,64,99,1,1,1000,0),
	(1001,'青海移动',20,19.95,'元',100,1,3,63,99,1,1,1000,0),
	(1002,'甘肃移动',20,20,'元',100,1,3,62,99,1,1,1000,0),
	(1003,'陕西移动',20,20,'元',100,1,3,61,99,1,1,1000,0),
	(1004,'西藏移动',20,19.95,'元',100,1,3,54,99,1,1,1000,0),
	(1005,'云南移动',20,20,'元',100,1,3,53,99,1,1,1000,0),
	(1006,'贵州移动',20,19.95,'元',100,1,3,52,99,1,1,1000,0),
	(1007,'四川移动',20,20,'元',100,1,3,51,99,1,1,1000,0),
	(1008,'海南移动',20,19.95,'元',100,1,3,46,99,1,1,1000,0),
	(1009,'广西移动',20,19.98,'元',100,1,3,45,99,1,1,1000,0),
	(1010,'湖南移动',20,19.98,'元',100,1,3,43,99,1,1,1000,0),
	(1011,'湖北移动',20,20,'元',100,1,3,42,99,1,1,1000,0),
	(1012,'河南移动',20,19.9,'元',100,1,3,41,99,1,1,1000,0),
	(1013,'山东移动',20,20,'元',100,1,3,37,99,1,1,1000,0),
	(1014,'江西移动',20,20,'元',100,1,3,36,99,1,1,1000,0),
	(1015,'福建移动',20,20,'元',100,1,3,35,99,1,1,1000,0),
	(1016,'安徽移动',20,19.98,'元',100,1,3,34,99,1,1,1000,0),
	(1017,'浙江移动',20,19.98,'元',100,1,3,33,99,1,1,1000,0),
	(1018,'江苏移动',20,20,'元',100,1,3,32,99,1,1,1000,0),
	(1019,'内蒙古移动',20,20,'元',100,1,3,15,99,1,1,1000,0),
	(1020,'黑龙江移动',20,20,'元',100,1,3,23,99,1,1,1000,0),
	(1021,'重庆移动',20,20,'元',100,1,3,50,99,1,1,1000,0),
	(1022,'天津移动',20,20,'元',100,1,3,12,99,1,1,1000,0),
	(1023,'上海移动',20,20,'元',100,1,3,31,99,1,1,1000,0),
	(1029,'江苏联通',10,10,'元',101,1,3,32,99,1,1,1000,0),
	(1030,'浙江联通',10,10,'元',101,1,3,33,99,1,1,1000,0),
	(1031,'山东联通',10,10,'元',101,1,3,37,99,1,1,1000,0),
	(1032,'河北联通',10,10,'元',101,1,3,13,99,1,1,1000,0),
	(1033,'四川联通',10,10,'元',101,1,3,51,99,1,1,1000,0),
	(1034,'福建联通',10,10,'元',101,1,3,35,99,1,1,1000,0),
	(1035,'辽宁联通',10,10,'元',101,1,3,21,99,1,1,1000,0),
	(1036,'重庆联通',10,10,'元',101,1,3,50,99,1,1,1000,0),
	(1037,'黑龙江联通',10,10,'元',101,1,3,23,99,1,1,1000,0),
	(1038,'山西联通',10,10,'元',101,1,3,14,99,1,1,1000,0),
	(1039,'湖北联通',10,10,'元',101,1,3,42,99,1,1,1000,0),
	(1040,'河南联通',10,10,'元',101,1,3,41,99,1,1,1000,0),
	(1041,'湖南联通',10,10,'元',101,1,3,43,99,1,1,1000,0),
	(1042,'上海联通',10,10,'元',101,1,3,31,99,1,1,1000,0),
	(1043,'广西联通',10,10,'元',101,1,3,45,99,1,1,1000,0),
	(1044,'吉林联通',10,10,'元',101,1,3,22,99,1,1,1000,0),
	(1045,'安徽联通',10,10,'元',101,1,3,34,99,1,1,1000,0),
	(1046,'陕西联通',10,10,'元',101,1,3,61,99,1,1,1000,0),
	(1047,'贵州联通',10,10,'元',101,1,3,52,99,1,1,1000,0),
	(1048,'云南联通',10,10,'元',101,1,3,53,99,1,1,1000,0),
	(1049,'海南联通',10,10,'元',101,1,3,46,99,1,1,1000,0),
	(1050,'天津联通',10,10,'元',101,1,3,12,99,1,1,1000,0),
	(1051,'江西联通',10,10,'元',101,1,3,36,99,1,1,1000,0),
	(1052,'内蒙古联通',10,10,'元',101,1,3,15,99,1,1,1000,0),
	(1053,'新疆联通',10,9.97,'元',101,1,3,65,99,1,1,1000,0),
	(1054,'甘肃联通',10,10,'元',101,1,3,62,99,1,1,1000,0),
	(1055,'青海联通',10,9.94,'元',101,1,3,63,99,1,1,1000,0),
	(1056,'西藏联通',10,9.94,'元',101,1,3,54,99,1,1,1000,0),
	(1057,'宁夏联通',10,9.94,'元',101,1,3,64,99,1,1,1000,0),
	(1058,'江苏联通',20,19.8,'元',101,1,3,32,99,1,1,1000,0),
	(1059,'浙江联通',20,19.8,'元',101,1,3,33,99,1,1,1000,0),
	(1060,'山东联通',20,19.8,'元',101,1,3,37,99,1,1,1000,0),
	(1061,'河北联通',20,19.8,'元',101,1,3,13,99,1,1,1000,0),
	(1062,'四川联通',20,19.8,'元',101,1,3,51,99,1,1,1000,0),
	(1063,'福建联通',20,19.8,'元',101,1,3,35,99,1,1,1000,0),
	(1064,'辽宁联通',20,19.8,'元',101,1,3,21,99,1,1,1000,0),
	(1065,'重庆联通',20,19.8,'元',101,1,3,50,99,1,1,1000,0),
	(1066,'黑龙江联通',20,19.8,'元',101,1,3,23,99,1,1,1000,0),
	(1067,'山西联通',20,19.8,'元',101,1,3,14,99,1,1,1000,0),
	(1068,'湖北联通',20,19.8,'元',101,1,3,42,99,1,1,1000,0),
	(1069,'河南联通',20,19.8,'元',101,1,3,41,99,1,1,1000,0),
	(1070,'湖南联通',20,19.8,'元',101,1,3,43,99,1,1,1000,0),
	(1071,'上海联通',20,19.8,'元',101,1,3,31,99,1,1,1000,0),
	(1072,'广西联通',20,19.8,'元',101,1,3,45,99,1,1,1000,0),
	(1073,'吉林联通',20,19.8,'元',101,1,3,22,99,1,1,1000,0),
	(1074,'安徽联通',20,19.8,'元',101,1,3,34,99,1,1,1000,0),
	(1075,'陕西联通',20,19.8,'元',101,1,3,61,99,1,1,1000,0),
	(1076,'贵州联通',20,19.8,'元',101,1,3,52,99,1,1,1000,0),
	(1077,'云南联通',20,19.8,'元',101,1,3,53,99,1,1,1000,0),
	(1078,'海南联通',20,19.8,'元',101,1,3,46,99,1,1,1000,0),
	(1079,'天津联通',20,19.8,'元',101,1,3,12,99,1,1,1000,0),
	(1080,'江西联通',20,19.8,'元',101,1,3,36,99,1,1,1000,0),
	(1081,'内蒙古联通',20,19.8,'元',101,1,3,15,99,1,1,1000,0),
	(1082,'新疆联通',20,19.7,'元',101,1,3,65,99,1,1,1000,0),
	(1083,'甘肃联通',20,19.8,'元',101,1,3,62,99,1,1,1000,0),
	(1084,'青海联通',20,19.7,'元',101,1,3,63,99,1,1,1000,0),
	(1085,'西藏联通',20,19.7,'元',101,1,3,54,99,1,1,1000,0),
	(1086,'宁夏联通',20,19.7,'元',101,1,3,64,99,1,1,1000,0),
	(1089,'联通小面额',1,1,'元',101,1,3,0,99,1,1,1000,0),
	(1090,'联通小面额',2,2,'元',101,1,3,0,99,1,1,1000,0),
	(1091,'联通小面额',3,3,'元',101,1,3,0,99,1,1,1000,0),
	(1092,'联通小面额',4,4,'元',101,1,3,0,99,1,1,1000,0),
	(1093,'联通小面额',5,5,'元',101,1,3,0,99,1,1,1000,0),
	(1094,'联通小面额',6,6,'元',101,1,3,0,99,1,1,1000,0),
	(1095,'联通小面额',7,7,'元',101,1,3,0,99,1,1,1000,0),
	(1096,'联通小面额',8,8,'元',101,1,3,0,99,1,1,1000,0),
	(1097,'联通小面额',9,9,'元',101,1,3,0,99,1,1,1000,0),
	(1098,'广东联通',10,10,'元',101,1,3,44,99,1,1,1000,0),
	(1099,'北京联通',10,10,'元',101,1,3,11,99,1,1,1000,0),
	(1100,'北京联通',20,19.8,'元',101,1,3,11,99,1,1,1000,0),
	(1101,'广东联通',20,19.8,'元',101,1,3,44,99,1,1,1000,0),
	(1124,'中国移动',30,29.9,'元',100,1,3,0,99,1,1,1,0),
	(1125,'中国移动',50,49.6,'元',100,1,3,0,99,1,1,1,0),
	(1126,'中国移动',100,99.15,'元',100,1,3,0,99,1,1,1,0),
	(1127,'中国联通',30,29.6,'元',101,1,3,0,99,1,1,1,0),
	(1128,'中国联通',50,49.3,'元',101,1,3,0,99,1,1,1,0),
	(1129,'中国联通',100,98.6,'元',101,1,3,0,99,1,1,1,0),
	(1130,'中国电信',30,29.8,'元',102,1,3,0,99,1,1,1,0),
	(1131,'中国电信',50,49.2,'元',102,1,3,0,99,1,1,1,0),
	(1132,'中国电信',100,98.4,'元',102,1,3,0,99,1,1,1,0),
	(1137,'广东移动',10,10,'元',100,1,3,44,99,1,1,1000,0),
	(1138,'广东移动',20,20,'元',100,1,3,44,99,1,1,1000,0),
	(1139,'北京移动',10,10,'元',100,1,3,11,99,1,1,1000,0),
	(1140,'北京移动',20,20,'元',100,1,3,11,99,1,1,1000,0),
	(1147,'魔兽世界',15,14.55,'战点',302,3,103,0,99,1,1,10,0),
	(1162,'中国移动(应急)',100,100,'元',100,1,4,0,99,4,1,1,0),
	(1163,'中国移动(应急)',50,50,'元',100,1,4,0,99,4,1,1,0),
	(1164,'中国移动(应急)',30,30,'元',100,1,4,0,99,4,1,1,0),
	(1165,'中国联通(应急)',30,30,'元',101,1,4,0,99,4,1,1,0),
	(1166,'中国联通(应急)',50,50,'元',101,1,4,0,99,4,1,1,0),
	(1167,'中国联通(应急)',100,100,'元',101,1,4,0,99,4,1,1,0),
	(1168,'中国联通(98折)',100,98,'元',101,1,5,0,99,5,1,1,0),
	(1169,'中国移动(98折)',100,98,'元',100,1,5,0,99,5,1,1,0),
	(1170,'中国电信(98折)',100,98,'元',102,1,5,0,99,5,1,1,0),
	(1171,'星际争霸II',90,84.4,'战点',300,3,16,0,0,2,1,1,0),
	(1172,'中国移动(浙江空充)',30,29.85,'元',100,1,53,33,0,9,1,1,0),
	(1173,'中国移动(浙江空充)',50,49.58,'元',100,1,53,33,99,9,1,1,0),
	(1174,'中国移动(浙江空充)',100,99.15,'元',100,1,53,33,99,9,1,1,0),
	(1175,'中国移动(浙江空充)',200,198.2,'元',100,1,53,33,99,9,1,1,0),
	(1176,'中国移动(浙江空充)',300,297.5,'元',100,1,53,33,99,9,1,1,0),
	(1178,'中国移动(河南空充)',30,29.85,'元',100,1,57,41,99,13,1,1,0),
	(1179,'中国移动(河南空充)',50,49.35,'元',100,1,57,41,99,13,1,1,0),
	(1180,'中国移动(河南空充)',100,98.6,'元',100,1,57,41,99,13,1,1,0),
	(1181,'中国移动(河南空充)',200,197.2,'元',100,1,57,41,99,13,1,1,0),
	(1182,'中国移动(河南空充)',300,295.8,'元',100,1,57,41,99,13,1,1,0),
	(1183,'中国移动(广东空充)',30,29.85,'元',100,1,51,44,99,7,1,1,0),
	(1184,'中国移动(广东空充)',50,49.55,'元',100,1,51,44,99,7,1,1,0),
	(1185,'中国移动(广东空充)',100,99.1,'元',100,1,51,44,99,7,1,1,0),
	(1186,'中国移动(广东空充)',300,297.2,'元',100,1,51,44,99,7,1,1,0),
	(1192,'中国移动(江苏空充)',30,29.85,'元',100,1,52,32,99,8,1,1,0),
	(1193,'中国移动(江苏空充)',50,49.5,'元',100,1,52,32,99,8,1,1,0),
	(1194,'中国移动(江苏空充)',100,99,'元',100,1,52,32,99,8,1,1,0),
	(1195,'中国移动(江苏空充)',300,297,'元',100,1,52,32,99,8,1,1,0),
	(1196,'AVA会员',1,27.6,'个月',200,2,2,0,99,11,1,1000,0),
	(1199,'洛克王国',1,9.4,'个月',200,2,2,0,99,15,1,1000,0),
	(1202,'CF点券',1000,9.6,'点',200,2,2,0,99,10,1,1000,0),
	(1205,'QQ飞车点券',100,0.96,'点',200,2,2,0,99,21,1,1000,0),
	(1206,'QQ炫舞紫钻',1,18.6,'个月',200,2,2,0,99,22,1,1000,0),
	(1209,'七雄争霸元宝',100,9.6,'个',200,2,103,0,99,16,1,1000,0),
	(1210,'AVA点券',1000,9.6,'点',200,2,2,0,99,12,1,10,0),
	(1211,'QQ炫舞点券',500,4.8,'点',200,2,2,0,99,23,1,1000,0),
	(1212,'大明龙权点券',100,0.96,'点',200,2,2,0,99,17,1,1000,0),
	(1213,'中国移动(北京空充)',30,29.85,'元',100,1,55,11,0,11,1,1,0),
	(1214,'中国移动(北京空充)',50,49.58,'元',100,1,55,11,0,11,1,1,0),
	(1215,'中国移动(北京空充)',100,99.15,'元',100,1,55,11,0,11,1,1,0),
	(1216,'中国移动(北京空充)',300,297.4,'元',100,1,55,11,0,11,1,1,0),
	(1341,'上海电信(手机)',50,49.3,'元',102,1,11,31,99,2,1,1,0),
	(1342,'上海电信(手机)',100,98.6,'元',102,1,11,31,99,2,1,1,0),
	(1343,'北京电信(手机)',50,49.3,'元',102,1,11,11,99,2,1,1,0),
	(1344,'北京电信(手机)',100,98.6,'元',102,1,11,11,99,2,1,1,0),
	(1345,'广东电信(手机)',50,49.3,'元',102,1,11,44,99,2,1,1,0),
	(1346,'广东电信(手机)',100,98.6,'元',102,1,11,44,99,2,1,1,0),
	(1347,'江苏电信(手机)',50,49.3,'元',102,1,11,32,99,2,1,1,0),
	(1348,'江苏电信(手机)',100,98.6,'元',102,1,11,32,99,2,1,1,0),
	(1349,'浙江电信(手机)',50,49.3,'元',102,1,11,33,99,2,1,1,0),
	(1350,'浙江电信(手机)',100,98.6,'元',102,1,11,33,99,2,1,1,0),
	(1351,'湖北电信(手机)',50,49.3,'元',102,1,11,42,99,2,1,1,0),
	(1352,'湖北电信(手机)',100,98.6,'元',102,1,11,42,99,2,1,1,0),
	(1353,'山东电信(手机)',50,49.3,'元',102,1,11,37,99,2,1,1,0),
	(1354,'山东电信(手机)',100,98.6,'元',102,1,11,37,99,2,1,1,0),
	(1355,'四川电信(手机)',50,49.3,'元',102,1,11,51,99,2,1,1,0),
	(1356,'四川电信(手机)',100,98.6,'元',102,1,11,51,99,2,1,1,0),
	(1357,'福建电信(手机)',50,49.3,'元',102,1,11,35,99,2,1,1,0),
	(1358,'福建电信(手机)',100,98.6,'元',102,1,11,35,99,2,1,1,0),
	(1359,'河南电信(手机)',50,49.3,'元',102,1,11,41,99,2,1,1,0),
	(1360,'河南电信(手机)',100,98.6,'元',102,1,11,41,99,2,1,1,0),
	(1361,'湖南电信(手机)',50,49.3,'元',102,1,11,43,99,2,1,1,0),
	(1362,'湖南电信(手机)',100,98.6,'元',102,1,11,43,99,2,1,1,0),
	(1363,'陕西电信(手机)',50,49.3,'元',102,1,11,61,99,2,1,1,0),
	(1364,'陕西电信(手机)',100,98.6,'元',102,1,11,61,99,2,1,1,0),
	(1365,'河北电信(手机)',50,49.3,'元',102,1,11,13,99,2,1,1,0),
	(1366,'河北电信(手机)',100,98.6,'元',102,1,11,13,99,2,1,1,0),
	(1367,'辽宁电信(手机)',50,49.3,'元',102,1,11,21,99,2,1,1,0),
	(1368,'辽宁电信(手机)',100,98.6,'元',102,1,11,21,99,2,1,1,0),
	(1369,'安徽电信(手机)',50,49.3,'元',102,1,11,34,99,2,1,1,0),
	(1370,'安徽电信(手机)',100,98.6,'元',102,1,11,34,99,2,1,1,0),
	(1371,'广西电信(手机)',50,49.3,'元',102,1,11,45,99,2,1,1,0),
	(1372,'广西电信(手机)',100,98.6,'元',102,1,11,45,99,2,1,1,0),
	(1373,'重庆电信(手机)',50,49.3,'元',102,1,11,50,99,2,1,1,0),
	(1374,'重庆电信(手机)',100,98.6,'元',102,1,11,50,99,2,1,1,0),
	(1375,'江西电信(手机)',50,49.3,'元',102,1,11,36,99,2,1,1,0),
	(1376,'江西电信(手机)',100,98.6,'元',102,1,11,36,99,2,1,1,0),
	(1377,'天津电信(手机)',50,49.3,'元',102,1,11,12,99,2,1,1,0),
	(1378,'天津电信(手机)',100,98.6,'元',102,1,11,12,99,2,1,1,0),
	(1379,'云南电信(手机)',50,49.3,'元',102,1,11,53,99,2,1,1,0),
	(1380,'云南电信(手机)',100,98.6,'元',102,1,11,53,99,2,1,1,0),
	(1381,'黑龙江电信(手机)',50,49.3,'元',102,1,11,23,99,2,1,1,0),
	(1382,'黑龙江电信(手机)',100,98.6,'元',102,1,11,23,99,2,1,1,0),
	(1383,'山西电信(手机)',50,49.3,'元',102,1,11,14,99,2,1,1,0),
	(1384,'山西电信(手机)',100,98.6,'元',102,1,11,14,99,2,1,1,0),
	(1385,'吉林电信(手机)',50,49.3,'元',102,1,11,22,99,2,1,1,0),
	(1386,'吉林电信(手机)',100,98.6,'元',102,1,11,22,99,2,1,1,0),
	(1387,'贵州电信(手机)',50,49.3,'元',102,1,11,52,99,2,1,1,0),
	(1388,'贵州电信(手机)',100,98.6,'元',102,1,11,52,99,2,1,1,0),
	(1389,'内蒙古电信(手机)',50,49.3,'元',102,1,11,15,99,2,1,1,0),
	(1390,'内蒙古电信(手机)',100,98.6,'元',102,1,11,15,99,2,1,1,0),
	(1391,'新疆电信(手机)',50,49.3,'元',102,1,11,65,99,2,1,1,0),
	(1392,'新疆电信(手机)',100,98.6,'元',102,1,11,65,99,2,1,1,0),
	(1393,'海南电信(手机)',50,49.3,'元',102,1,11,46,99,2,1,1,0),
	(1394,'海南电信(手机)',100,98.6,'元',102,1,11,46,99,2,1,1,0),
	(1395,'宁夏电信(手机)',50,49.3,'元',102,1,11,64,99,2,1,1,0),
	(1396,'宁夏电信(手机)',100,98.6,'元',102,1,11,64,99,2,1,1,0),
	(1397,'青海电信(手机)',50,49.3,'元',102,1,11,63,99,2,1,1,0),
	(1398,'青海电信(手机)',100,98.6,'元',102,1,11,63,99,2,1,1,0),
	(1399,'西藏电信(手机)',50,49.3,'元',102,1,11,54,99,2,1,1,0),
	(1400,'西藏电信(手机)',100,98.6,'元',102,1,11,54,99,2,1,1,0),
	(1401,'甘肃电信(手机)',50,49.3,'元',102,1,11,62,99,2,1,1,0),
	(1402,'甘肃电信(手机)',100,98.6,'元',102,1,11,62,99,2,1,1,0),
	(1404,'中国移动(山东空充)',30,29.85,'元',100,1,56,37,99,12,1,1,0),
	(1405,'中国移动(山东空充)',50,49.55,'元',100,1,56,37,99,12,1,1,0),
	(1406,'中国移动(山东空充)',100,99.1,'元',100,1,56,37,99,12,1,1,0),
	(1412,'中国电信(广东空充)',100,98.6,'元',102,1,64,44,99,20,1,1,0),
	(1413,'中国电信(广东空充)',50,49.3,'元',102,1,64,44,99,20,1,1,0),
	(1414,'中国电信(广东空充)',30,29.7,'元',102,1,64,44,99,20,1,1,0),
	(1415,'中国电信(广东空充)',200,197.1,'元',102,1,64,44,99,20,1,1,0),
	(1416,'中国电信(广东空充)',300,295.65,'元',102,1,64,44,99,20,1,1,0),
	(1422,'中国移动(湖北空充)',200,196.76,'元',100,1,61,42,99,17,1,1,0),
	(1434,'中国电信(湖南空充)',30,29.7,'元',102,1,67,43,99,23,1,1,0),
	(1435,'中国电信(湖南空充)',50,49.2,'元',102,1,67,43,99,23,1,1,0),
	(1436,'中国电信(湖南空充)',100,98.35,'元',102,1,67,43,99,23,1,1,0),
	(1437,'中国电信(湖南空充)',300,295.2,'元',102,1,67,43,99,23,1,1,0),
	(1439,'中国电信(山东空充)',30,29.56,'元',102,1,65,37,99,21,1,1,0),
	(1440,'中国电信(山东空充)',50,49.1,'元',102,1,65,37,99,21,1,1,0),
	(1441,'中国电信(山东空充)',100,98.2,'元',102,1,65,37,99,21,1,1,0),
	(1442,'中国电信(山东空充)',200,196.4,'元',102,1,65,37,99,21,1,1,0),
	(1443,'中国电信(山东空充)',300,294.6,'元',102,1,65,37,99,21,1,1,0),
	(1444,'中国电信(北京空充)',30,29.4,'元',102,1,69,11,99,25,1,1,0),
	(1445,'中国电信(北京空充)',50,49,'元',102,1,69,11,99,25,1,1,0),
	(1446,'中国电信(北京空充)',100,98,'元',102,1,69,11,99,25,1,1,0),
	(1447,'中国电信(北京空充)',200,196,'元',102,1,69,11,99,25,1,1,0),
	(1448,'中国电信(北京空充)',300,294,'元',102,1,69,11,99,25,1,1,0),
	(1449,'中国电信(浙江空充)',30,29.67,'元',102,1,68,33,99,24,1,1,0),
	(1450,'中国电信(浙江空充)',50,49.29,'元',102,1,68,33,99,24,1,1,0),
	(1451,'中国电信(浙江空充)',100,98.59,'元',102,1,68,33,99,24,1,1,0),
	(1452,'中国电信(浙江空充)',200,197.12,'元',102,1,68,33,99,24,1,1,0),
	(1453,'中国电信(浙江空充)',300,295.68,'元',102,1,68,33,99,24,1,1,0),
	(1454,'中国移动(四川空充)',30,29.87,'元',100,1,62,51,99,18,1,1,0),
	(1455,'中国移动(四川空充)',50,49.5,'元',100,1,62,51,99,18,1,1,0),
	(1456,'中国移动(四川空充)',100,99.1,'元',100,1,62,51,99,18,1,1,0),
	(1457,'中国移动(四川空充)',200,198,'元',100,1,62,51,99,18,1,1,0),
	(1478,'中国电信(上海空充)',30,29.7,'元',102,1,70,31,99,26,1,1,0),
	(1479,'中国电信(上海空充)',50,49.3,'元',102,1,70,31,99,26,1,1,0),
	(1480,'中国电信(上海空充)',100,98.6,'元',102,1,70,31,99,26,1,1,0),
	(1481,'中国电信(上海空充)',200,197.2,'元',102,1,70,31,99,26,1,1,0),
	(1482,'中国电信(上海空充)',300,295.8,'元',102,1,70,31,99,26,1,1,0),
	(1486,'中国电信(浙江空充)',10,9.9,'元',102,1,68,33,99,24,1,1,0),
	(1487,'中国电信(浙江空充)',20,19.85,'元',102,1,68,33,99,24,1,1,0),
	(1488,'中国电信(湖南空充)',10,9.9,'元',102,1,67,43,99,23,1,1,0),
	(1489,'中国电信(湖南空充)',20,19.75,'元',102,1,67,43,99,23,1,1,0),
	(1490,'中国电信(山东空充)',10,9.85,'元',102,1,65,37,99,21,1,1,0),
	(1491,'中国电信(山东空充)',20,19.7,'元',102,1,65,37,99,21,1,1,0),
	(1492,'中国电信(上海空充)',10,9.9,'元',102,1,70,31,99,26,1,1,0),
	(1493,'中国电信(上海空充)',20,19.8,'元',102,1,70,31,99,26,1,1,0),
	(1494,'中国电信(北京空充)',20,19.6,'元',102,1,69,11,99,25,1,1,0),
	(1514,'上海电信(手机)',20,20,'元',102,1,12,31,99,3,1,1,0),
	(1515,'山西电信(手机)',20,20,'元',102,1,12,14,99,3,1,1,0),
	(1516,'江苏电信(手机)',20,20,'元',102,1,12,32,99,3,1,1,0),
	(1517,'河南电信(手机)',20,20,'元',102,1,12,41,99,3,1,1,0),
	(1518,'湖北电信(手机)',20,20,'元',102,1,12,42,99,3,1,1,0),
	(1519,'湖南电信(手机)',20,20,'元',102,1,12,43,99,3,1,1,0),
	(1520,'云南电信(手机)',20,20,'元',102,1,12,53,99,3,1,1,0),
	(1521,'赤壁',10,9.2,'元',300,3,20,0,99,23,1,1000,0),
	(1522,'完美世界',10,9.2,'元',300,3,20,0,99,19,1,1000,0),
	(1523,'武林外传',10,9.2,'元',300,3,20,0,99,20,1,1000,0),
	(1524,'完美国际',10,9.2,'元',300,3,20,0,99,21,1,1000,0),
	(1525,'诛仙前传',10,9.2,'元',300,3,20,0,99,22,1,1000,0),
	(1526,'热舞派对',10,9.2,'元',300,3,20,0,99,24,1,1000,0),
	(1527,'口袋西游',10,9.2,'元',300,3,20,0,99,25,1,1000,0),
	(1528,'梦幻诛仙',10,9.2,'元',300,3,20,0,99,26,1,1000,0),
	(1529,'倚天屠龙记',10,9.2,'元',300,3,20,0,99,27,1,1000,0),
	(1530,'神鬼传奇',10,9.2,'元',300,3,20,0,99,28,1,1000,0),
	(1531,'神魔大陆',10,9.2,'元',300,3,20,0,99,29,1,1000,0),
	(1532,'降龙之剑',10,9.2,'元',300,3,20,0,99,30,1,1000,0),
	(1533,'神鬼世界',10,9.2,'元',300,3,20,0,99,31,1,1000,0),
	(1534,'降龙之剑极致版',10,9.2,'元',300,3,20,0,99,32,1,1000,0),
	(1551,'陕西电信(手机)',20,20,'元',102,1,12,61,99,3,1,1,0),
	(1552,'贵州电信(手机)',20,20,'元',102,1,12,52,99,3,1,1,0),
	(1553,'西藏电信(手机)',20,20,'元',102,1,12,54,99,3,1,1,0),
	(1554,'甘肃电信(手机)',20,20,'元',102,1,12,62,99,3,1,1,0),
	(1555,'青海电信(手机)',20,20,'元',102,1,12,63,99,3,1,1,0),
	(1556,'宁夏电信(手机)',20,20,'元',102,1,12,64,99,3,1,1,0),
	(1557,'新疆电信(手机)',20,20,'元',102,1,12,65,99,3,1,1,0),
	(1558,'辽宁电信(手机)',20,20,'元',102,1,12,21,99,3,1,1,0),
	(1559,'北京电信(手机)',20,20,'元',102,1,12,11,99,3,1,1,0),
	(1560,'重庆电信(手机)',20,20,'元',102,1,12,50,99,3,1,1,0),
	(1561,'河北电信(手机)',20,20,'元',102,1,12,13,99,3,1,1,0),
	(1562,'天津电信(手机)',20,20,'元',102,1,12,12,99,3,1,1,0),
	(1563,'浙江电信(手机)',20,20,'元',102,1,12,33,99,3,1,1,0),
	(1564,'内蒙古电信(手机)',20,20,'元',102,1,12,15,99,3,1,1,0),
	(1565,'吉林电信(手机)',20,20,'元',102,1,12,22,99,3,1,1,0),
	(1566,'黑龙江电信(手机)',20,20,'元',102,1,12,23,99,3,1,1,0),
	(1567,'安徽电信(手机)',20,20,'元',102,1,12,34,99,3,1,1,0),
	(1568,'福建电信(手机)',20,20,'元',102,1,12,35,99,3,1,1,0),
	(1569,'江西电信(手机)',20,20,'元',102,1,12,36,99,3,1,1,0),
	(1570,'山东电信(手机)',20,20,'元',102,1,12,37,99,3,1,1,0),
	(1571,'广西电信(手机)',20,20,'元',102,1,12,45,99,3,1,1,0),
	(1572,'海南电信(手机)',20,20,'元',102,1,12,46,99,3,1,1,0),
	(1573,'四川电信(手机)',20,20,'元',102,1,12,51,99,3,1,1,0),
	(1574,'广东电信(手机)',20,20,'元',102,1,12,44,99,3,1,1,0),
	(1582,'中国电信',10,10,'元',102,1,3,0,99,1,1,1000,0),
	(1583,'中国电信',20,19.8,'元',102,1,3,0,99,1,1,1000,0),
	(1598,'超级QQ',1,9.1,'个月',200,2,2,0,99,26,1,1000,0),
	(1603,'读书VIP',1,9.1,'个月',200,2,103,0,99,27,1,1000,0),
	(1604,'漫画VIP',1,9.1,'个月',200,2,2,0,99,28,1,1000,0),
	(1609,'NBA会员',1,9.1,'个月',200,2,2,0,99,29,1,1000,0),
	(1610,'魔钻',1,9.1,'个月',200,2,2,0,99,35,1,1000,0),
	(1613,'蓝钻豪华版',1,13.95,'个月',200,2,2,0,99,32,1,1000,0),
	(1616,'QQ西游VIP',1,19,'个月',200,2,2,0,99,34,1,1000,0),
	(1623,'世纪天成卡',1,0.935,'元',300,3,16,0,99,9,1,1000,0),
	(1624,'巨人一卡通',10,9.68,'元',300,3,16,0,99,6,1,100,0),
	(1625,'光宇一卡通',1,0.937,'元',300,3,16,0,99,5,1,1000,0),
	(1626,'起凡一卡通',10,9.36,'元',300,3,16,0,99,7,1,1000,0),
	(1627,'天游(街头篮球)',1,0.894,'元',300,3,16,0,99,34,1,1000,0),
	(1628,'天游(拍拍部落)',1,0.894,'元',300,3,16,0,99,35,1,1000,0),
	(1629,'天游(剑客列传)',1,0.894,'元',300,3,16,0,99,33,1,1000,0),
	(1630,'联众币',1,0.932,'元',300,3,16,0,99,17,5,500,0),
	(1631,'迅雷雷点',10,9.8,'元',300,3,16,0,0,18,1,1,0),
	(1632,'人人一卡通',10,9.3,'元',300,3,16,0,99,11,1,1000,0),
	(1633,'搜狐(天龙八部3)',1,0.98,'元',300,3,16,0,99,39,10,5000,0),
	(1634,'搜狐(刀剑英雄)',1,0.98,'元',300,3,16,0,0,37,10,5000,0),
	(1635,'搜狐(大话水浒)',1,0.98,'元',300,3,16,0,99,36,10,1000,0),
	(1636,'搜狐(中华英雄)',1,0.98,'元',300,3,16,0,99,40,10,5000,0),
	(1637,'搜狐(九鼎传说)',1,0.98,'元',300,3,16,0,99,43,10,1000,0),
	(1638,'搜狐(三界奇缘)',1,0.98,'元',300,3,16,0,99,38,10,5000,0),
	(1639,'搜狐(剑仙)',1,0.98,'元',300,3,16,0,99,42,10,5000,0),
	(1640,'搜狐(古域)',1,0.98,'元',300,3,16,0,99,41,10,5000,0),
	(1641,'搜狐(鹿鼎记)',1,0.98,'元',300,3,16,0,99,45,10,5000,0),
	(1642,'搜狐(龙虎门)',1,0.98,'元',300,3,16,0,99,44,10,5000,0),
	(1643,'久游休闲卡',10,9.4,'元',300,3,16,0,99,8,1,1000,0),
	(1665,'江苏联通(手机)',50,49.38,'元',101,1,12,32,99,3,1,1,0),
	(1666,'江苏联通(手机)',30,29.68,'元',101,1,12,32,99,3,1,1,0),
	(1667,'江苏联通(手机)',100,98.67,'元',101,1,12,32,99,3,1,1,0),
	(1678,'QQ钻皇',1,45,'个月',200,2,2,0,99,30,1,1000,0),
	(1679,'黄钻豪华版',1,13.95,'个月',200,2,2,0,99,33,1,1000,0),
	(1680,'情侣红钻',1,13.6,'个月',200,2,2,0,99,31,1,1000,0),
	(1681,'中国移动(重庆空充)',30,29.87,'元',100,1,63,50,99,19,1,1,0),
	(1682,'中国移动(重庆空充)',50,49.49,'元',100,1,63,50,99,19,1,1,0),
	(1683,'中国移动(重庆空充)',100,98.98,'元',100,1,63,50,99,19,1,1,0),
	(1684,'中国移动(重庆空充)',200,198,'元',100,1,63,50,99,19,1,1,0),
	(1685,'中国移动(重庆空充)',300,297,'元',100,1,63,50,99,19,1,1,0),
	(1693,'中国移动(上海空充)',50,49.63,'元',100,1,54,31,99,10,1,1,0),
	(1694,'中国移动(上海空充)',100,99.25,'元',100,1,54,31,99,10,1,1,0),
	(1695,'中国移动(上海空充)',150,148.89,'元',100,1,54,31,99,10,1,1,0),
	(1696,'中国移动(上海空充)',200,198.4,'元',100,1,54,31,99,10,1,1,0),
	(1697,'中国移动(上海空充)',300,297.7,'元',100,1,54,31,99,10,1,1,0),
	(1698,'全国固话',20,19.9,'元',103,1,9,0,99,6,1,1,0),
	(1699,'全国固话',10,10,'元',103,1,9,0,99,6,1,1,0),
	(1700,'全国固话',30,29.85,'元',103,1,9,0,99,6,1,1,0),
	(1701,'全国固话',50,49.25,'元',103,1,9,0,99,6,1,1,0),
	(1702,'全国固话',100,98.5,'元',103,1,9,0,99,6,1,1,0),
	(1903,'中国移动(湖北空充)',30,29.8,'元',100,1,61,42,99,17,1,1,0),
	(1904,'中国移动(湖北空充)',300,296.4,'元',100,1,61,42,99,17,1,1,0),
	(1905,'中国移动(湖北空充)',100,98.85,'元',100,1,61,42,99,17,1,1,0),
	(1906,'中国移动(湖北空充)',50,49.45,'元',100,1,61,42,99,17,1,1,0),
	(1907,'网易一卡通',100,9.7,'点',300,3,103,0,99,4,1,100,0),
	(2001,'中国移动(上海空充)',30,29.88,'元',100,1,54,31,99,10,1,1,0),
	(2002,'金山(反恐行动)',15,14.3,'元',300,3,16,0,0,9,1,10,0),
	(2003,'英雄联盟点券',100,0.96,'点',200,2,2,0,99,10,1,1000,0),
	(2004,'网龙(魔域270点)',10,9.6,'元',300,3,16,0,99,10,1,10,0),
	(2006,'圣王',10,9.2,'元',300,3,20,0,99,33,1,500,0),
	(2007,'圣斗士星矢',10,9.2,'元',300,3,20,0,99,21,1,500,0),
	(2008,'QQ水浒',100,9.6,'银票',200,2,2,0,99,20,1,500,0),
	(2009,'多玩YY',0.9,0.91,'Y币',300,3,16,0,99,30,1,100,0),
	(2102,'剑侠情缘3(7.5天卡)',15,14.35,'元',300,3,16,0,99,9,1,10,0),
	(2103,'金山(春秋Q传)',15,14.35,'元',300,3,16,0,99,9,1,10,0),
	(2104,'楚河汉界黄金',100,9.6,'黄金',200,2,2,0,99,10,1,1000,0),
	(2105,'QQ西游元宝',500,4.8,'元宝',200,2,2,0,99,10,1,500,0),
	(2106,'九界点券',100,9.6,'点',200,2,2,0,99,10,1,500,0),
	(2107,'骏网一卡通',10,9.5,'元',300,3,11,0,0,10,1,500,0),
	(2108,'御龙在天金子',100,0.96,'金子',200,2,2,0,0,10,1,500,0),
	(2201,'(空中网)大承一卡通',10,9.45,'元',300,3,16,0,99,20,1,500,0),
	(2301,'冒泡一卡通',1,0.92,'元',300,3,11,0,0,15,1,500,0),
	(2401,'剑侠情缘3(点卡)',15,14.35,'元',300,3,16,0,99,9,1,10,0),
	(2501,'河南联通',1,1,'元',101,1,401,41,0,33,1,1,0),
	(2502,'河南联通',10,9.9,'元',101,1,401,41,0,33,1,1,0),
	(2503,'河南联通',50,49.25,'元',101,1,401,41,99,33,1,1,0),
	(2504,'河南联通',100,98.5,'元',101,1,401,41,99,33,1,1,0),
	(2601,'盛大点券',5,4.7,'元',303,3,16,0,99,2,3,500,0),
	(2701,'剑灵点券',1000,9.6,'点',200,2,103,0,0,10,1,500,0),
	(9000,'平台余额',1,1,'元',900,4,0,0,99,0,1,10000,0),
	(9101,'一级代理',100,100,'元',910,4,0,10,99,0,1,1,0);

/*!40000 ALTER TABLE `product` ENABLE KEYS */;
UNLOCK TABLES;


# Dump of table province
# ------------------------------------------------------------

DROP TABLE IF EXISTS `province`;

CREATE TABLE `province` (
  `id` int(11) unsigned NOT NULL AUTO_INCREMENT,
  `name` varchar(32) DEFAULT NULL,
  `state` int(11) NOT NULL DEFAULT '0',
  PRIMARY KEY (`id`)
) ENGINE=InnoDB DEFAULT CHARSET=utf8;

LOCK TABLES `province` WRITE;
/*!40000 ALTER TABLE `province` DISABLE KEYS */;

INSERT INTO `province` (`id`, `name`, `state`)
VALUES
	(1,'全国',0),
	(11,'北京',0),
	(12,'天津',0),
	(13,'河北',0),
	(14,'山西',0),
	(15,'内蒙古',0),
	(21,'辽宁',0),
	(22,'吉林',0),
	(23,'黑龙江',0),
	(31,'上海',0),
	(32,'江苏',0),
	(33,'浙江',0),
	(34,'安徽',0),
	(35,'福建',0),
	(36,'江西',0),
	(37,'山东',0),
	(41,'河南',0),
	(42,'湖北',0),
	(43,'湖南',0),
	(44,'广东',0),
	(45,'广西',0),
	(46,'海南',0),
	(50,'重庆',0),
	(51,'四川',0),
	(52,'贵州',0),
	(53,'云南',0),
	(54,'西藏',0),
	(61,'陕西',0),
	(62,'甘肃',0),
	(63,'青海',0),
	(64,'宁夏',0),
	(65,'新疆',0);

/*!40000 ALTER TABLE `province` ENABLE KEYS */;
UNLOCK TABLES;


# Dump of table subcate
# ------------------------------------------------------------

DROP TABLE IF EXISTS `subcate`;

CREATE TABLE `subcate` (
  `id` int(11) unsigned NOT NULL AUTO_INCREMENT,
  `name` varchar(32) NOT NULL DEFAULT '',
  `state` int(11) NOT NULL DEFAULT '0',
  `target_name` varchar(32) NOT NULL DEFAULT '',
  PRIMARY KEY (`id`)
) ENGINE=InnoDB DEFAULT CHARSET=utf8;

LOCK TABLES `subcate` WRITE;
/*!40000 ALTER TABLE `subcate` DISABLE KEYS */;

INSERT INTO `subcate` (`id`, `name`, `state`, `target_name`)
VALUES
	(100,'中国移动',0,'手机号码'),
	(101,'中国联通',0,'手机号码'),
	(102,'中国电信',0,'手机号码'),
	(103,'固话',0,'电话号码'),
	(200,'腾讯业务',0,'QQ号码'),
	(201,'Q币Q点',0,'QQ号码'),
	(300,'游戏点卡',0,'账号'),
	(302,'战网点数',0,'战网账号'),
	(303,'盛大点券',0,'盛大通行证'),
	(900,'平台余额',0,'用户名'),
	(910,'平台代理',0,'');

/*!40000 ALTER TABLE `subcate` ENABLE KEYS */;
UNLOCK TABLES;


# Dump of table ticket
# ------------------------------------------------------------

DROP TABLE IF EXISTS `ticket`;

CREATE TABLE `ticket` (
  `number` varchar(32) NOT NULL DEFAULT '',
  `create_time` bigint(20) NOT NULL,
  `credit` double NOT NULL,
  `product_id` int(11) NOT NULL,
  `count` int(11) NOT NULL DEFAULT '1',
  `state` int(11) NOT NULL,
  `fulfill_time` bigint(20) DEFAULT NULL,
  `agent` int(11) NOT NULL DEFAULT '0',
  PRIMARY KEY (`number`),
  KEY `agent` (`agent`)
) ENGINE=InnoDB DEFAULT CHARSET=utf8;



/*!40111 SET SQL_NOTES=@OLD_SQL_NOTES */;
/*!40101 SET SQL_MODE=@OLD_SQL_MODE */;
/*!40014 SET FOREIGN_KEY_CHECKS=@OLD_FOREIGN_KEY_CHECKS */;
/*!40101 SET CHARACTER_SET_CLIENT=@OLD_CHARACTER_SET_CLIENT */;
/*!40101 SET CHARACTER_SET_RESULTS=@OLD_CHARACTER_SET_RESULTS */;
/*!40101 SET COLLATION_CONNECTION=@OLD_COLLATION_CONNECTION */;
